clouds (%),Date ,dewpt (°C),dhi (W/m²),dni (W/m²),ghi (W/m²),max_dhi (W/m²),max_dni (W/m²),max_ghi (W/m²),max_temp (°C),max_uv (Index),max_wind_dir (°),max_wind_spd (m/s),min_temp (°C),precip (mm),precip_gpm (mm/hr),pres (hPa),rh (%),slp (hPa),solar_rad (W/m²),temp (°C),wind_dir (°),wind_gust_spd (m/s),wind_spd (m/s)
0.0,2024-01-01,17.9,41,340,215,116,910,759,30.4,6.3,154,4.0,20.0,0.0,0.0,1010,0.68,1013,215,24.4,154,7.2,2.7
0.0,2024-01-02,17.7,41,340,216,116,910,760,28.5,6.3,163,4.0,18.5,0.0,0.0,1010,0.73,1013,216,23.0,163,7.2,2.6
0.08,2024-01-03,17.7,42,340,216,116,911,762,27.8,6.3,142,4.0,17.4,0.0,0.0,1009,0.77,1013,216,22.2,142,6.8,3.0
0.02,2024-01-04,17.1,42,340,217,116,911,763,28.1,6.3,139,4.4,17.0,0.0,0.0,1009,0.75,1013,216,22.2,139,6.8,2.9
0.0,2024-01-05,16.4,42,341,217,116,911,764,28.1,6.3,102,4.8,17.4,0.0,0.0,1010,0.71,1013,217,22.3,102,7.2,3.6
0.24,2024-01-06,16.0,42,341,218,116,912,766,28.9,6.2,27,4.4,17.4,0.0,0.0,1010,0.67,1014,216,22.6,27,8.4,3.7
0.41,2024-01-07,17.7,42,341,218,116,912,768,29.6,5.7,54,4.8,19.6,0.0,0.0,1010,0.7,1013,216,23.9,54,7.6,3.5
0.17,2024-01-08,18.4,42,342,219,116,913,769,31.1,6.4,141,4.4,20.7,0.0,0.0,1010,0.68,1013,219,25.0,141,6.4,3.1
0.3,2024-01-09,18.6,42,342,220,116,913,771,29.3,4.8,77,4.4,20.7,0.0,0.0,1010,0.7,1013,195,24.7,77,7.2,3.2
0.07,2024-01-10,19.7,42,342,221,117,914,773,29.6,6.2,141,3.6,20.7,0.0,0.0,1011,0.75,1014,221,24.7,141,6.8,2.7
0.02,2024-01-11,20.0,42,343,221,117,915,775,30.7,6.5,33,4.0,20.7,0.0,0.0,1011,0.75,1014,221,25.2,33,6.4,3.0
0.03,2024-01-12,19.8,42,343,222,117,915,777,33.0,6.5,129,4.0,21.5,0.0,0.0,1010,0.69,1014,222,26.4,129,6.8,3.1
0.0,2024-01-13,18.8,42,344,223,117,916,780,32.2,6.5,215,3.6,20.7,0.0,0.0,1011,0.67,1014,223,25.8,215,7.6,2.6
0.0,2024-01-14,13.9,42,344,224,117,916,782,30.0,6.6,134,3.6,19.3,0.0,0.0,1012,0.57,1015,224,24.1,134,7.2,2.6
0.0,2024-01-15,12.1,42,345,225,117,917,784,28.9,6.6,170,2.4,16.3,0.0,0.0,1011,0.57,1015,225,22.0,170,5.6,2.0
0.27,2024-01-16,13.1,42,345,226,117,918,787,28.9,6.4,180,2.8,14.8,0.0,0.0,1009,0.63,1012,212,21.5,180,5.6,1.8
0.43,2024-01-17,13.5,42,346,227,117,918,789,28.5,3.3,182,2.8,15.2,0.0,0.0,1008,0.64,1012,159,21.7,182,6.4,1.9
0.01,2024-01-18,14.0,43,347,228,118,919,792,28.1,6.6,180,3.2,16.3,0.0,0.0,1010,0.63,1013,228,22.0,180,5.6,2.1
0.01,2024-01-19,14.1,43,347,229,118,920,795,30.0,6.7,132,4.0,16.7,0.0,0.0,1010,0.6,1013,229,22.9,132,7.2,3.0
0.3,2024-01-20,12.3,43,348,230,118,920,797,29.3,6.8,140,4.4,17.4,0.0,0.0,1011,0.53,1014,223,22.7,140,7.6,3.5
0.62,2024-01-21,10.6,43,348,231,118,921,800,29.3,2.4,33,4.4,17.0,0.0,0.0,1012,0.48,1015,68,22.8,33,9.2,3.8
0.51,2024-01-22,10.2,43,349,232,118,922,803,29.6,5.5,157,4.4,16.3,0.0,0.0,1012,0.48,1015,219,22.5,157,8.0,3.4
0.0,2024-01-23,7.5,43,350,233,118,922,806,28.9,6.9,100,4.8,15.9,0.0,0.0,1012,0.42,1016,233,22.0,100,9.2,3.4
0.03,2024-01-24,8.6,43,350,235,118,923,809,29.3,7.0,37,4.0,16.3,0.0,0.0,1012,0.44,1015,235,22.2,37,8.8,3.2
0.01,2024-01-25,9.6,43,351,236,119,924,813,30.0,7.0,46,4.0,14.8,0.0,0.0,1013,0.49,1016,236,22.3,46,8.0,3.0
0.31,2024-01-26,10.8,43,352,237,119,925,816,31.5,6.8,116,3.2,15.6,0.0,0.0,1014,0.49,1017,237,23.1,116,6.0,2.5
0.79,2024-01-27,13.4,43,353,238,119,925,819,32.2,4.8,141,4.0,16.3,0.0,0.0,1013,0.57,1017,123,23.3,141,6.8,2.5
0.68,2024-01-28,14.5,44,353,240,119,926,822,31.9,4.4,168,3.2,16.3,0.0,0.0,1013,0.62,1016,208,23.1,168,6.4,1.7
0.54,2024-01-29,13.8,44,354,241,119,927,826,30.4,6.2,161,3.6,15.9,0.0,0.0,1013,0.61,1016,233,22.8,161,7.2,2.2
0.24,2024-01-30,14.4,44,355,242,120,928,829,30.0,7.2,175,2.4,17.0,0.0,0.0,1012,0.62,1015,237,22.8,175,6.0,2.0
0.83,2024-01-31,15.5,44,356,243,120,928,833,29.6,3.6,223,3.2,17.0,0.0,0.0,1011,0.66,1014,150,23.1,223,6.4,1.5
0.19,2024-02-01,18.1,44,357,245,120,929,836,29.3,7.4,255,2.8,18.5,0.0,0.0,1012,0.74,1015,245,23.6,255,6.4,1.8
0.4,2024-02-02,17.3,44,358,246,120,930,840,30.0,3.6,191,3.2,18.5,0.0,0.0,1013,0.7,1016,189,24.0,191,6.0,2.0
0.01,2024-02-03,15.6,44,358,248,120,931,843,33.3,7.5,146,3.2,19.6,0.0,0.0,1012,0.56,1015,248,25.8,146,6.4,2.5
0.0,2024-02-04,16.4,44,359,249,120,931,847,34.4,7.5,147,2.8,20.0,0.0,0.0,1012,0.57,1015,249,26.5,147,5.6,2.0
0.0,2024-02-05,17.7,45,360,251,121,932,851,31.5,7.6,270,2.8,20.7,0.0,0.0,1013,0.63,1016,251,25.9,270,6.4,1.8
0.06,2024-02-06,18.8,45,361,252,121,933,854,31.9,7.7,223,2.8,20.4,0.0,0.0,1013,0.69,1016,238,25.7,223,6.4,1.7
0.23,2024-02-07,16.6,45,362,253,121,934,858,31.5,7.7,175,4.8,20.0,0.0,0.0,1014,0.61,1017,248,25.5,175,8.4,2.9
0.5,2024-02-08,14.1,45,363,255,121,934,862,30.7,7.6,99,4.0,20.4,0.0,0.0,1013,0.52,1017,224,25.1,99,8.4,3.4
0.28,2024-02-09,13.6,45,364,256,121,935,866,30.7,7.8,153,4.0,18.1,0.0,0.0,1012,0.53,1016,254,24.3,153,6.8,3.1
0.0,2024-02-10,12.5,45,365,258,121,936,869,30.4,7.9,176,4.0,18.1,0.0,0.0,1013,0.52,1016,258,23.7,176,6.8,2.7
0.05,2024-02-11,13.7,46,366,259,122,937,873,30.7,8.0,204,3.2,17.4,0.0,0.0,1013,0.56,1017,259,23.5,204,5.6,2.3
0.96,2024-02-12,14.4,46,367,261,122,937,877,30.7,2.7,199,2.8,17.8,0.0,0.0,1012,0.58,1016,84,23.9,199,6.0,1.9
0.98,2024-02-13,14.0,46,368,263,122,938,881,30.0,2.5,163,4.4,18.1,0.0,0.0,1013,0.58,1016,69,23.7,163,8.0,2.2
0.32,2024-02-14,12.6,46,369,264,122,939,885,30.7,7.6,183,3.6,18.5,0.0,0.0,1012,0.51,1016,242,24.5,183,6.8,2.8
0.0,2024-02-15,14.6,46,371,266,122,939,889,33.3,8.2,104,3.6,18.1,0.0,0.0,1011,0.53,1014,266,25.3,104,6.8,2.6
0.08,2024-02-16,16.3,46,372,267,123,940,892,35.6,8.3,102,4.0,21.5,0.0,0.0,1011,0.52,1014,267,27.9,102,8.0,2.6
0.23,2024-02-17,16.6,47,373,269,123,941,896,35.6,8.1,173,3.6,21.9,0.0,0.0,1009,0.53,1012,260,28.1,173,6.8,2.0
0.1,2024-02-18,18.5,47,374,270,123,941,900,34.8,8.4,235,3.2,20.0,0.0,0.0,1008,0.66,1011,268,26.9,235,7.2,1.8
0.32,2024-02-19,16.2,47,375,272,123,942,904,34.1,7.3,220,4.0,20.0,0.0,0.0,1009,0.59,1012,266,26.8,220,8.8,2.3
0.17,2024-02-20,17.5,47,377,274,123,943,908,32.2,8.6,228,4.0,20.7,0.0,0.0,1010,0.63,1013,274,26.0,228,8.8,2.5
0.24,2024-02-21,19.6,47,378,275,123,943,912,29.3,7.0,244,4.0,21.5,0.0,0.0,1009,0.73,1013,271,25.2,244,8.8,3.1
0.11,2024-02-22,18.3,47,379,277,124,944,916,29.6,8.7,259,4.0,21.9,0.0,0.0,1010,0.67,1013,277,25.4,259,7.6,2.6
0.23,2024-02-23,14.8,48,380,278,124,945,919,30.7,8.8,207,2.8,20.4,0.0,0.0,1010,0.61,1014,273,25.3,207,7.2,1.9
0.0,2024-02-24,6.6,48,381,280,124,945,923,31.1,8.9,186,4.0,18.9,0.0,0.0,1010,0.36,1013,280,24.6,186,8.8,3.1
0.02,2024-02-25,5.1,48,382,282,124,946,927,32.2,8.9,29,5.2,18.1,0.0,0.0,1009,0.3,1012,282,25.1,29,10.4,3.9
0.81,2024-02-26,11.6,48,384,283,124,946,931,34.4,4.1,152,3.6,19.3,0.0,0.0,1007,0.42,1010,150,26.2,152,6.8,2.6
0.06,2024-02-27,16.8,48,385,285,124,947,934,33.7,8.3,229,3.2,20.7,0.0,0.0,1009,0.58,1012,284,26.8,229,6.8,1.5
0.0,2024-02-28,15.8,48,386,286,125,947,938,35.6,9.2,199,4.0,21.5,0.0,0.0,1008,0.5,1012,286,28.2,199,6.4,2.5
0.15,2024-02-29,16.3,48,387,288,125,948,942,37.4,9.1,153,3.6,23.0,0.0,0.0,1008,0.48,1011,287,29.4,153,7.2,2.3
0.03,2024-03-01,18.3,49,388,290,125,948,945,34.4,9.3,216,4.4,23.3,0.0,0.0,1009,0.59,1012,290,28.0,216,8.8,3.0
0.05,2024-03-02,20.8,49,389,291,125,949,949,30.0,9.4,221,6.4,23.0,0.8,0.8,1009,0.73,1012,291,26.4,221,11.2,3.9
0.15,2024-03-03,14.8,49,390,293,125,949,953,27.0,9.4,277,5.2,20.4,0.0,0.0,1010,0.57,1014,293,24.5,277,9.2,3.4
0.0,2024-03-04,11.0,49,391,294,125,950,956,30.0,9.5,177,4.0,17.0,0.0,0.0,1011,0.51,1014,294,23.7,177,7.6,2.3
0.0,2024-03-05,7.5,49,392,296,125,950,960,31.9,9.6,190,4.4,17.4,0.0,0.0,1011,0.37,1014,296,24.4,190,8.8,3.0
0.0,2024-03-06,8.4,49,393,297,126,950,963,32.2,9.7,196,3.6,18.1,0.0,0.0,1010,0.4,1013,297,24.9,196,8.0,2.3
0.06,2024-03-07,11.5,49,394,299,126,951,967,33.0,9.7,196,4.0,17.8,0.0,0.0,1010,0.46,1013,298,26.0,196,8.0,2.2
0.0,2024-03-08,10.6,50,395,300,126,951,970,33.3,9.8,148,4.0,19.3,0.0,0.0,1010,0.39,1013,300,27.0,148,8.4,2.6
0.08,2024-03-09,9.1,50,396,302,126,952,973,34.1,9.9,111,4.8,21.1,0.0,0.0,1010,0.34,1013,300,27.1,111,8.4,2.9
0.01,2024-03-10,10.9,50,396,303,126,952,976,33.7,9.9,230,3.6,19.3,0.0,0.0,1010,0.42,1013,303,26.6,230,8.4,1.8
0.0,2024-03-11,14.2,50,397,305,126,952,980,35.6,10.0,184,3.2,20.4,0.0,0.0,1012,0.48,1015,305,28.1,184,7.2,2.2
0.0,2024-03-12,16.0,50,398,306,126,953,983,34.8,10.1,215,3.6,21.5,0.0,0.0,1011,0.5,1014,306,28.3,215,8.4,2.5
0.01,2024-03-13,17.5,50,399,308,126,953,986,33.3,10.1,280,3.2,23.0,0.0,0.0,1010,0.59,1013,308,27.7,280,7.2,2.4
0.0,2024-03-14,17.8,50,400,309,126,953,989,33.0,10.2,271,3.2,21.5,0.0,0.0,1010,0.62,1014,309,27.0,271,6.8,2.2
0.06,2024-03-15,18.0,50,401,310,127,953,992,33.0,10.3,222,3.2,20.4,0.0,0.0,1009,0.64,1012,309,26.6,222,6.4,1.8
0.12,2024-03-16,17.6,50,401,312,127,954,995,33.7,10.3,239,2.8,20.4,0.0,0.0,1009,0.63,1012,311,27.0,239,6.4,1.8
0.11,2024-03-17,18.4,51,402,313,127,954,998,33.3,10.4,220,3.6,20.7,0.0,0.0,1009,0.65,1012,312,26.9,220,8.0,2.3
0.12,2024-03-18,21.4,51,403,314,127,954,1001,33.3,10.5,240,3.2,22.2,0.0,0.0,1009,0.73,1012,314,27.4,240,7.6,2.3
0.06,2024-03-19,16.2,51,403,316,127,954,1003,35.6,10.5,253,3.2,22.2,0.0,0.0,1009,0.55,1012,316,28.6,253,7.6,2.0
0.05,2024-03-20,10.8,51,404,317,127,954,1006,37.8,10.6,197,2.8,21.1,0.0,0.0,1008,0.35,1012,317,30.0,197,6.4,1.7
0.83,2024-03-21,13.7,51,405,318,127,954,1009,37.8,4.3,187,4.0,20.7,0.0,0.0,1007,0.44,1010,119,29.8,187,6.4,1.9
0.15,2024-03-22,17.5,51,405,320,127,955,1011,35.9,10.7,215,4.0,22.2,0.0,0.0,1006,0.53,1009,299,29.1,215,8.0,2.1
0.3,2024-03-23,18.2,51,406,321,127,955,1014,36.3,10.8,203,4.0,22.2,0.0,0.0,1006,0.59,1009,318,28.8,203,8.4,2.1
0.23,2024-03-24,19.1,51,407,322,127,955,1016,35.2,10.1,249,3.2,23.3,0.0,0.0,1007,0.59,1010,322,29.2,249,7.6,2.2
0.0,2024-03-25,19.3,51,407,323,127,955,1018,37.0,10.9,206,3.6,24.1,0.0,0.0,1008,0.58,1011,323,30.0,206,7.2,2.0
0.0,2024-03-26,20.7,51,408,324,127,955,1021,37.4,10.9,237,3.6,24.1,0.0,0.0,1007,0.61,1011,324,30.4,237,7.2,2.1
0.04,2024-03-27,22.3,52,408,326,128,955,1023,36.7,11.0,235,4.0,25.6,0.0,0.0,1009,0.63,1012,326,30.7,235,7.6,2.1
0.08,2024-03-28,22.6,52,409,327,128,955,1025,37.0,10.2,231,3.6,26.3,0.0,0.0,1007,0.64,1011,323,31.0,231,7.2,2.3
0.28,2024-03-29,21.2,52,409,328,128,955,1027,37.4,7.0,256,3.6,26.7,0.0,0.0,1007,0.58,1010,309,31.3,256,5.6,2.1
0.08,2024-03-30,19.5,52,410,329,128,955,1029,37.0,9.9,255,3.6,25.6,0.0,0.0,1008,0.55,1011,328,30.8,255,8.0,2.3
0.14,2024-03-31,17.8,52,410,330,128,955,1031,35.9,10.3,245,3.6,25.6,0.0,0.0,1009,0.51,1013,320,30.4,245,7.6,2.1
0.42,2024-04-01,19.1,52,411,331,128,955,1033,36.7,8.7,237,3.6,23.3,0.0,0.0,1007,0.59,1010,213,29.5,237,7.6,2.1
0.39,2024-04-02,19.5,52,411,332,128,955,1035,36.7,8.3,241,4.0,24.4,0.0,0.0,1005,0.58,1008,281,30.1,241,8.0,2.3
0.47,2024-04-03,20.3,52,412,333,128,955,1037,35.9,11.3,219,3.6,24.4,0.0,0.0,1006,0.61,1009,314,29.7,219,8.0,2.3
0.75,2024-04-04,19.1,52,412,334,128,955,1038,36.3,4.6,279,3.6,24.8,0.0,0.0,1007,0.56,1010,215,30.4,279,8.0,2.4
0.25,2024-04-05,18.1,52,413,335,128,954,1040,37.8,9.2,217,5.2,24.8,0.0,0.0,1006,0.54,1009,333,31.1,217,10.0,2.6
0.14,2024-04-06,15.6,52,413,336,128,954,1042,38.1,11.3,301,4.8,25.9,0.3,0.3,1005,0.41,1009,336,32.0,301,10.0,3.1
0.0,2024-04-07,16.5,53,414,337,128,954,1043,37.0,11.5,233,4.4,26.7,0.0,0.0,1005,0.45,1008,337,30.9,233,8.0,2.9
0.0,2024-04-08,19.8,53,414,338,128,954,1045,37.4,11.5,250,3.2,24.8,0.0,0.0,1005,0.56,1008,338,30.9,250,6.4,2.1
0.0,2024-04-09,22.3,53,415,339,128,954,1046,36.7,11.6,219,4.0,25.6,0.0,0.0,1005,0.65,1008,339,30.8,219,7.6,2.6
0.11,2024-04-10,22.5,53,416,339,128,954,1047,35.9,11.6,205,4.4,25.9,0.0,0.0,1005,0.66,1008,339,30.2,205,8.4,3.0
0.24,2024-04-11,21.2,53,417,340,128,954,1048,35.6,10.4,208,4.4,25.6,0.0,0.0,1006,0.61,1009,339,30.2,208,8.4,2.6
0.03,2024-04-12,20.4,53,418,341,128,953,1050,34.4,11.7,212,4.8,24.8,0.0,0.0,1006,0.62,1009,341,29.3,212,9.6,2.9
0.14,2024-04-13,22.1,53,418,342,128,953,1051,33.0,11.7,217,5.6,24.4,0.0,0.0,1006,0.7,1010,335,28.7,217,10.0,3.7
0.1,2024-04-14,23.7,53,419,343,128,953,1052,35.6,11.7,228,4.4,25.6,0.0,0.0,1007,0.69,1010,342,30.2,228,8.0,3.0
0.09,2024-04-15,20.8,53,420,344,128,953,1053,41.5,11.5,110,5.2,27.8,0.0,0.0,1007,0.49,1010,342,34.1,110,8.8,3.1
0.01,2024-04-16,14.5,54,421,344,128,952,1054,41.5,11.2,126,4.4,28.9,0.0,0.0,1006,0.3,1009,344,35.2,126,9.2,3.5
0.03,2024-04-17,14.0,54,422,345,128,952,1055,41.5,11.7,152,5.2,28.9,0.0,0.0,1004,0.3,1008,345,35.3,152,8.8,2.9
0.34,2024-04-18,21.2,54,422,346,128,952,1055,39.6,10.4,242,3.6,28.5,0.0,0.0,1005,0.54,1008,323,33.4,242,7.6,2.6
0.33,2024-04-19,20.4,54,423,347,128,952,1056,38.9,8.3,253,4.0,28.1,0.0,0.0,1003,0.5,1006,326,33.4,253,7.6,2.3
0.1,2024-04-20,19.1,54,424,347,128,951,1057,38.1,11.9,291,4.4,28.5,0.0,0.0,1004,0.48,1007,347,32.7,291,8.0,3.0
0.43,2024-04-21,19.1,54,425,348,128,951,1057,36.7,6.3,277,4.0,27.4,0.0,0.0,1004,0.51,1008,288,31.8,277,7.2,2.5
0.66,2024-04-22,19.8,54,425,349,128,951,1058,35.9,4.4,279,3.6,27.4,0.0,0.0,1005,0.54,1008,198,31.5,279,7.6,2.7
0.0,2024-04-23,20.9,54,426,349,128,951,1059,37.8,12.0,243,4.0,25.9,0.0,0.0,1004,0.58,1007,349,31.5,243,8.8,2.3
0.0,2024-04-24,21.9,54,426,350,128,950,1059,38.1,12.0,246,4.0,26.3,0.0,0.0,1003,0.59,1006,350,31.9,246,7.6,2.3
0.09,2024-04-25,21.6,54,427,350,128,950,1059,38.1,10.7,242,3.6,27.4,0.0,0.0,1003,0.56,1007,349,32.5,242,7.6,2.5
0.25,2024-04-26,20.8,54,428,351,128,950,1060,38.1,10.4,269,4.0,28.1,0.5,0.5,1004,0.53,1007,342,32.6,269,7.2,2.1
0.45,2024-04-27,20.7,54,428,352,128,949,1060,39.3,7.7,276,4.0,26.7,0.0,0.0,1004,0.53,1007,297,33.3,276,7.2,2.3
0.42,2024-04-28,16.9,54,429,352,128,949,1060,40.0,8.8,257,4.4,28.5,0.0,0.0,1004,0.38,1007,345,34.6,257,8.4,2.7
0.06,2024-04-29,16.2,55,429,353,128,949,1061,40.4,12.0,296,3.6,28.5,0.0,0.0,1005,0.37,1008,353,34.3,296,8.4,2.7
0.01,2024-04-30,17.8,55,430,353,128,948,1061,40.4,12.1,309,4.4,28.5,0.0,0.0,1004,0.42,1007,353,34.3,309,9.2,3.5
0.0,2024-05-01,18.5,55,430,354,128,948,1061,38.1,12.1,269,4.4,27.4,0.0,0.0,1002,0.49,1005,354,32.4,269,8.4,2.7
0.07,2024-05-02,20.1,55,430,354,128,948,1061,36.7,10.7,225,4.0,25.9,0.0,0.0,1002,0.55,1005,354,31.6,225,8.4,2.6
0.05,2024-05-03,21.0,55,431,354,128,947,1061,38.1,12.1,235,4.0,26.3,0.0,0.0,1003,0.57,1007,354,31.7,235,8.0,2.6
0.46,2024-05-04,23.6,55,431,355,128,947,1061,39.3,6.4,265,4.4,27.4,0.0,0.0,1004,0.63,1007,281,32.7,265,8.4,2.6
0.3,2024-05-05,22.4,55,432,355,128,946,1061,38.9,12.1,267,4.8,28.1,0.0,0.0,1003,0.57,1006,348,33.3,267,9.6,3.0
0.02,2024-05-06,22.7,55,432,356,128,946,1061,36.3,12.1,255,4.8,29.6,0.0,0.0,1003,0.58,1006,356,32.6,255,9.2,3.4
0.02,2024-05-07,24.6,55,432,356,128,946,1061,35.6,12.1,219,6.4,28.5,0.0,0.0,1004,0.67,1007,356,31.6,219,11.2,4.3
0.04,2024-05-08,24.9,55,433,356,127,945,1061,35.9,12.1,221,5.6,28.1,0.0,0.0,1004,0.69,1007,356,31.5,221,10.4,4.4
0.08,2024-05-09,25.1,55,433,357,127,945,1061,34.8,11.9,223,5.2,27.8,0.0,0.0,1003,0.72,1007,356,31.1,223,10.8,4.5
0.09,2024-05-10,24.5,55,433,357,127,945,1061,34.8,11.7,230,5.2,28.1,0.0,0.0,1005,0.7,1008,356,30.8,230,10.0,4.3
0.07,2024-05-11,24.6,55,434,357,127,944,1061,36.3,12.1,241,4.8,27.0,0.0,0.0,1006,0.7,1009,357,31.4,241,8.4,3.0
0.16,2024-05-12,24.3,55,434,358,127,944,1061,35.2,11.6,226,4.0,27.4,0.0,0.0,1006,0.69,1009,356,31.2,226,8.8,2.8
0.13,2024-05-13,25.3,55,434,358,127,944,1060,37.0,11.6,196,5.6,27.8,8.8,8.8,1005,0.71,1008,351,31.8,196,8.8,2.1
0.07,2024-05-14,21.7,55,434,358,127,943,1060,38.1,11.9,105,4.0,26.7,0.3,0.3,1005,0.57,1008,358,32.3,105,8.8,2.1
0.07,2024-05-15,22.4,55,435,358,127,943,1060,39.3,11.4,203,2.8,28.9,0.0,0.0,1005,0.53,1008,358,34.0,203,7.2,1.7
0.23,2024-05-16,20.9,55,435,359,127,942,1060,41.1,11.8,179,5.2,28.9,0.0,0.0,1004,0.49,1007,348,35.2,179,9.6,1.8
0.03,2024-05-17,25.0,55,435,359,127,942,1059,37.8,12.1,218,4.8,30.4,2.8,2.8,1003,0.62,1006,359,33.8,218,8.8,3.7
0.04,2024-05-18,25.8,55,435,359,127,942,1059,39.3,11.7,233,4.4,30.0,0.0,0.0,1001,0.64,1004,359,34.2,233,8.4,3.1
0.04,2024-05-19,23.2,55,435,359,127,941,1059,41.1,12.1,233,5.2,30.0,0.0,0.0,999,0.56,1002,359,35.0,233,8.0,3.2
0.11,2024-05-20,23.7,55,436,360,127,941,1058,40.4,9.5,235,4.8,30.0,0.0,0.0,1000,0.57,1003,357,34.7,235,9.2,3.2
0.22,2024-05-21,23.8,55,436,360,127,941,1058,42.6,9.6,263,4.8,30.4,0.0,0.0,999,0.57,1002,315,35.4,263,8.8,3.0
0.3,2024-05-22,24.9,55,436,360,127,940,1058,39.6,8.6,243,3.6,30.7,0.0,0.0,999,0.59,1002,348,34.8,243,7.2,2.7
0.18,2024-05-23,25.0,55,436,360,127,940,1057,39.6,9.4,227,5.2,30.7,0.0,0.0,998,0.61,1001,355,34.5,227,9.2,3.0
0.06,2024-05-24,24.8,55,436,360,127,940,1057,38.9,12.1,233,6.0,29.6,0.0,0.0,997,0.63,1000,360,33.9,233,11.2,3.8
0.12,2024-05-25,25.6,55,436,360,127,939,1057,36.7,12.0,231,6.4,30.0,0.0,0.0,999,0.68,1002,360,32.7,231,11.6,4.8
0.87,2024-05-26,26.7,55,436,360,127,939,1056,35.2,5.9,229,7.2,30.4,0.0,0.0,1000,0.73,1003,242,32.3,229,12.4,5.8
0.65,2024-05-27,26.5,55,436,360,127,939,1056,34.4,8.5,227,8.4,30.4,0.0,0.0,999,0.73,1002,281,32.0,227,14.4,6.6
0.49,2024-05-28,26.2,55,437,361,127,938,1055,34.8,9.6,231,8.4,30.0,0.0,0.0,999,0.72,1003,340,32.1,231,15.6,7.2
0.52,2024-05-29,25.7,55,437,361,127,938,1055,34.8,9.2,230,9.2,29.6,0.0,0.0,1000,0.69,1003,280,32.2,230,16.4,7.4
0.31,2024-05-30,25.5,55,437,361,126,938,1055,35.6,10.6,235,7.6,30.0,0.0,0.0,1001,0.67,1004,356,32.6,235,14.4,6.1
0.16,2024-05-31,25.9,55,437,361,126,937,1054,35.9,12.1,234,6.8,30.0,0.0,0.0,1002,0.68,1005,360,32.7,234,13.2,5.2
0.09,2024-06-01,25.9,55,437,361,126,937,1054,35.9,11.3,239,5.6,29.6,0.0,0.0,1002,0.69,1005,361,32.7,239,11.6,4.5
0.31,2024-06-02,25.2,55,437,361,126,937,1054,35.9,9.7,240,4.8,29.6,0.0,0.0,1002,0.66,1006,357,32.5,240,9.6,3.8
0.81,2024-06-03,25.6,55,437,361,126,936,1053,35.6,5.4,238,5.2,30.0,0.0,0.0,1003,0.68,1006,220,32.4,238,10.8,4.1
0.35,2024-06-04,25.7,55,437,361,126,936,1053,35.9,8.6,244,6.4,29.3,0.0,0.0,1003,0.69,1006,345,32.5,244,12.0,4.3
0.22,2024-06-05,26.1,55,437,361,126,936,1052,36.3,10.8,232,5.6,29.3,0.0,0.0,1003,0.7,1006,361,32.7,232,10.8,3.8
0.27,2024-06-06,24.8,55,437,361,126,936,1052,37.0,10.5,247,5.2,30.0,0.0,0.0,1004,0.63,1007,360,33.3,247,9.6,4.0
0.63,2024-06-07,25.2,55,437,361,126,935,1052,37.8,10.4,259,6.4,30.4,0.8,0.8,1002,0.64,1005,336,33.3,259,10.8,4.0
0.54,2024-06-08,25.0,55,437,361,126,935,1051,36.7,6.4,243,5.6,29.3,1.3,1.3,1001,0.66,1004,242,32.5,243,9.6,3.6
0.73,2024-06-09,25.3,55,437,361,126,935,1051,37.8,3.9,239,6.4,28.5,19.8,19.8,1000,0.66,1003,179,32.8,239,11.2,4.1
0.94,2024-06-10,25.5,55,437,361,126,935,1051,34.8,5.3,227,5.6,28.5,7.0,7.0,1002,0.71,1005,147,31.5,227,10.4,4.2
0.46,2024-06-11,25.6,55,437,361,126,934,1050,34.8,10.8,238,6.4,29.6,0.0,0.0,1002,0.7,1005,346,32.1,238,11.2,5.0
0.26,2024-06-12,25.6,55,437,361,126,934,1050,35.9,9.4,234,6.4,30.0,0.0,0.0,1003,0.68,1006,357,32.4,234,11.6,5.0
0.3,2024-06-13,26.4,55,437,361,126,934,1050,34.1,11.2,231,6.0,29.6,0.0,0.0,1002,0.75,1005,356,31.5,231,11.6,4.8
0.48,2024-06-14,25.6,55,437,361,126,934,1050,34.1,9.5,216,6.4,28.5,0.0,0.0,1002,0.74,1005,345,31.0,216,11.6,5.1
0.34,2024-06-15,25.9,55,437,361,126,934,1049,34.4,9.9,214,5.6,28.9,4.3,4.3,1001,0.73,1004,355,31.4,214,10.4,4.7
0.42,2024-06-16,26.2,55,437,361,126,934,1049,34.8,9.5,221,5.2,28.5,0.3,0.3,1001,0.74,1005,350,31.6,221,10.0,4.5
0.63,2024-06-17,26.3,55,437,361,126,933,1049,34.8,10.6,217,6.4,29.6,0.0,0.0,1002,0.73,1005,341,31.8,217,11.6,4.7
0.78,2024-06-18,26.6,55,436,361,126,933,1049,33.3,5.9,207,7.2,27.8,3.5,3.5,1001,0.8,1004,254,30.5,207,12.0,5.1
0.86,2024-06-19,26.3,55,436,361,126,933,1048,32.6,5.0,209,7.6,28.1,0.5,0.5,999,0.83,1002,210,29.6,209,13.2,5.7
0.95,2024-06-20,26.6,55,436,361,126,933,1048,32.6,3.7,203,6.8,27.8,0.5,0.5,998,0.83,1001,79,29.8,203,11.6,5.3
0.68,2024-06-21,27.5,55,436,361,126,933,1048,33.0,9.7,225,7.2,29.3,0.0,0.0,998,0.82,1002,313,30.9,225,12.8,5.7
0.69,2024-06-22,26.8,55,436,361,126,933,1048,33.0,10.4,222,5.2,28.1,2.8,2.8,998,0.81,1001,297,30.5,222,10.0,4.0
0.92,2024-06-23,27.0,55,436,361,126,933,1048,31.5,3.8,210,4.4,28.1,21.0,21.0,997,0.86,1000,78,29.6,210,7.6,3.4
0.95,2024-06-24,26.7,55,436,361,126,932,1048,32.6,3.7,193,3.2,27.0,21.3,21.3,996,0.85,999,111,29.6,193,6.8,2.6
0.9,2024-06-25,26.6,55,436,361,126,932,1047,33.3,6.4,200,4.0,27.8,6.5,6.5,994,0.8,997,178,30.5,200,8.0,3.0
0.7,2024-06-26,26.7,55,436,361,126,932,1047,34.1,4.7,173,5.6,28.5,3.5,3.5,994,0.78,997,219,31.1,173,10.4,4.1
0.92,2024-06-27,26.5,55,435,360,126,932,1047,32.2,5.7,173,8.0,28.5,1.3,1.3,995,0.82,999,189,30.0,173,14.4,6.2
1.0,2024-06-28,26.3,55,435,360,126,932,1047,30.4,3.7,190,7.6,27.0,29.5,29.5,997,0.88,1000,68,28.5,190,13.2,6.0
1.0,2024-06-29,26.6,55,435,360,126,932,1047,30.0,3.8,202,8.0,27.4,23.0,23.0,998,0.9,1001,63,28.3,202,13.6,6.2
1.0,2024-06-30,26.6,55,435,360,126,932,1047,28.9,3.8,208,6.0,27.4,59.0,59.0,998,0.92,1001,51,28.0,208,12.0,5.1
0.99,2024-07-01,26.3,55,435,360,126,932,1047,29.6,3.7,212,8.8,27.0,64.8,64.8,997,0.9,1000,64,28.2,212,16.0,8.1
0.99,2024-07-02,26.3,55,435,360,126,932,1047,31.1,3.8,224,10.0,26.7,68.8,68.8,996,0.87,999,77,28.7,224,18.0,8.5
0.85,2024-07-03,27.0,55,435,360,126,932,1047,31.9,7.5,222,8.8,28.5,0.0,0.0,997,0.85,1001,256,29.9,222,15.6,7.3
0.98,2024-07-04,27.1,55,434,360,126,932,1047,31.5,3.9,219,6.4,27.8,7.8,7.8,999,0.88,1002,88,29.4,219,12.8,5.7
0.99,2024-07-05,26.5,55,434,360,126,932,1047,28.9,3.7,214,6.8,27.4,63.5,63.5,997,0.91,1000,65,28.2,214,12.8,5.6
1.0,2024-07-06,26.5,55,434,360,126,932,1047,30.4,3.7,222,8.0,27.4,10.5,10.5,996,0.87,999,69,28.9,222,14.4,6.1
0.95,2024-07-07,26.6,55,434,359,126,932,1047,32.2,3.9,231,8.0,28.1,0.0,0.0,997,0.83,1000,109,29.9,231,14.4,6.1
0.99,2024-07-08,26.5,55,434,359,126,932,1047,30.7,3.7,212,4.8,27.4,4.5,4.5,998,0.86,1001,70,29.1,212,8.0,3.4
0.93,2024-07-09,26.2,55,433,359,126,932,1047,31.5,3.8,212,5.6,27.0,7.8,7.8,999,0.84,1002,101,29.1,212,9.6,4.1
0.75,2024-07-10,26.0,55,433,359,126,932,1047,30.4,9.3,207,6.4,26.7,1.8,1.8,1001,0.86,1005,300,28.6,207,12.0,5.1
0.96,2024-07-11,26.3,55,433,359,126,932,1047,29.6,4.2,215,5.6,27.4,2.0,2.0,1001,0.89,1004,73,28.4,215,10.4,5.1
0.99,2024-07-12,26.1,55,433,359,126,932,1047,30.0,4.9,226,6.8,26.7,37.8,37.8,999,0.89,1002,101,28.1,226,11.6,5.4
0.99,2024-07-13,26.0,55,433,359,126,932,1048,29.6,3.7,240,6.4,26.7,41.8,41.8,998,0.89,1001,74,28.0,240,11.2,5.1
0.93,2024-07-14,26.8,55,432,358,126,933,1048,31.5,4.3,233,4.8,27.4,0.8,0.8,997,0.86,1000,131,29.3,233,9.6,3.4
0.97,2024-07-15,26.9,55,432,358,126,933,1048,30.7,3.9,243,3.6,27.8,34.8,34.8,996,0.87,1000,72,29.3,243,7.2,2.6
0.98,2024-07-16,26.4,55,432,358,126,933,1048,31.5,3.7,213,4.4,27.4,8.3,8.3,996,0.88,999,71,28.7,213,7.2,2.9
0.98,2024-07-17,26.1,55,432,358,126,933,1048,30.4,4.1,199,6.4,27.0,2.3,2.3,997,0.86,1000,97,28.7,199,11.6,5.2
0.93,2024-07-18,26.4,55,431,358,126,933,1048,30.0,5.6,211,7.2,27.0,3.5,3.5,997,0.89,1000,126,28.4,211,12.0,5.4
0.95,2024-07-19,26.4,55,431,357,126,933,1048,29.6,4.3,210,7.6,27.0,17.0,17.0,995,0.9,998,111,28.2,210,13.2,5.8
0.99,2024-07-20,26.5,55,431,357,126,933,1048,30.0,3.7,209,7.2,27.0,3.8,3.8,996,0.9,999,58,28.3,209,11.6,5.6
1.0,2024-07-21,26.6,55,430,357,126,933,1048,30.4,3.8,216,7.2,27.0,49.5,49.5,996,0.9,1000,69,28.4,216,11.2,5.3
1.0,2024-07-22,26.2,55,430,357,126,933,1048,27.8,3.7,221,8.0,26.3,56.0,56.0,998,0.94,1001,36,27.3,221,15.2,6.1
1.0,2024-07-23,26.4,55,430,356,126,934,1048,27.8,3.7,235,8.0,26.7,82.8,82.8,999,0.94,1002,36,27.4,235,13.6,6.6
1.0,2024-07-24,26.2,55,430,356,126,934,1049,28.1,3.7,246,7.6,26.3,108.5,108.5,996,0.94,1000,44,27.2,246,13.6,6.3
1.0,2024-07-25,25.6,55,429,356,126,934,1049,29.6,3.7,253,8.8,26.7,6.3,6.3,996,0.88,999,69,27.8,253,15.6,6.6
0.99,2024-07-26,26.3,55,429,356,126,934,1049,30.4,4.1,242,7.6,27.4,50.0,50.0,997,0.88,1000,92,28.5,242,14.4,6.9
0.98,2024-07-27,26.0,54,429,355,126,934,1049,28.9,3.7,245,7.6,27.4,11.8,11.8,998,0.88,1001,74,28.2,245,12.4,5.9
1.0,2024-07-28,26.3,54,428,355,126,934,1049,29.6,3.7,242,6.4,27.4,34.0,34.0,996,0.89,999,68,28.3,242,10.8,5.3
0.99,2024-07-29,25.8,54,428,355,126,935,1049,27.8,4.1,227,6.8,27.0,41.5,41.5,995,0.92,998,64,27.3,227,12.8,5.0
0.89,2024-07-30,26.4,54,428,354,126,935,1049,29.3,5.8,220,6.4,26.7,2.5,2.5,998,0.92,1001,186,28.0,220,12.0,5.1
0.8,2024-07-31,26.4,54,427,354,126,935,1049,30.7,8.1,229,6.8,26.7,0.0,0.0,1000,0.89,1004,237,28.5,229,12.4,5.2
1.0,2024-08-01,26.0,54,427,354,126,935,1049,29.6,3.7,233,7.6,26.7,8.0,8.0,1000,0.9,1003,64,27.9,233,13.2,6.1
0.98,2024-08-02,25.9,54,427,353,126,935,1049,29.3,4.0,233,8.4,26.7,19.5,19.5,999,0.9,1002,93,27.7,233,14.4,7.0
0.99,2024-08-03,26.1,54,426,353,126,936,1049,28.5,3.7,235,8.0,26.3,60.8,60.8,999,0.93,1002,50,27.3,235,14.4,6.6
1.0,2024-08-04,25.8,54,426,352,126,936,1049,28.1,3.7,241,6.8,26.3,49.3,49.3,1000,0.93,1003,41,27.0,241,11.2,5.9
0.98,2024-08-05,25.7,54,425,352,126,936,1049,29.3,4.5,224,7.6,26.7,7.8,7.8,1001,0.89,1004,96,27.6,224,14.4,6.3
0.79,2024-08-06,25.7,54,425,352,126,936,1049,28.5,6.7,230,7.2,25.9,0.3,0.3,1002,0.9,1005,237,27.4,230,13.6,5.7
0.84,2024-08-07,25.6,54,425,351,126,936,1048,30.0,4.1,239,6.4,26.3,0.0,0.0,1002,0.86,1005,155,28.1,239,12.0,5.3
0.93,2024-08-08,25.5,54,424,351,126,937,1048,28.9,3.8,233,5.6,26.7,5.0,5.0,1003,0.87,1006,80,27.8,233,10.4,4.8
0.97,2024-08-09,25.7,54,424,350,126,937,1048,30.4,4.1,233,6.0,26.3,1.0,1.0,1004,0.88,1007,99,27.9,233,10.8,4.5
0.95,2024-08-10,25.8,54,423,350,126,937,1048,28.9,5.1,237,6.4,26.3,11.8,11.8,1004,0.89,1007,130,27.8,237,10.4,4.6
0.76,2024-08-11,25.7,54,423,349,126,937,1048,30.0,7.2,238,7.6,26.7,2.8,2.8,1002,0.88,1005,301,27.9,238,12.8,5.4
0.87,2024-08-12,25.6,54,422,349,126,937,1047,28.5,3.9,232,6.4,26.3,14.0,14.0,1002,0.9,1005,63,27.5,232,11.6,4.5
0.74,2024-08-13,25.7,54,422,348,126,938,1047,30.7,6.1,220,4.8,25.9,1.8,1.8,1003,0.87,1006,169,28.2,220,8.8,3.9
0.9,2024-08-14,25.8,54,421,348,126,938,1047,30.7,5.0,222,4.8,26.7,0.0,0.0,1003,0.85,1006,144,28.6,222,8.4,3.4
0.74,2024-08-15,25.7,54,421,347,126,938,1046,31.5,6.6,233,4.8,27.0,0.0,0.0,1002,0.83,1005,243,28.9,233,8.8,3.2
0.97,2024-08-16,26.0,53,420,347,126,938,1046,31.5,4.2,224,5.2,26.7,2.5,2.5,1001,0.85,1004,115,28.7,224,9.6,3.7
0.99,2024-08-17,26.0,53,420,346,126,938,1045,31.9,3.8,224,4.4,27.0,0.0,0.0,1002,0.84,1005,86,29.0,224,8.8,3.1
0.96,2024-08-18,26.2,53,419,345,126,939,1045,32.2,3.7,243,2.8,27.0,0.3,0.3,1003,0.83,1006,109,29.5,243,6.0,1.9
0.96,2024-08-19,26.4,53,419,345,126,939,1044,33.0,4.2,255,2.8,27.8,2.8,2.8,1002,0.81,1006,102,30.0,255,6.0,1.7
0.96,2024-08-20,26.4,53,418,344,126,939,1044,31.9,5.8,245,3.2,27.4,24.3,24.3,1002,0.86,1005,143,29.1,245,6.8,2.0
0.97,2024-08-21,26.1,53,418,343,126,939,1043,31.5,3.7,228,2.4,25.9,27.0,27.0,1002,0.86,1006,104,28.6,228,5.2,1.4
0.98,2024-08-22,27.0,53,417,343,126,939,1042,33.7,4.0,237,3.6,27.4,12.8,12.8,1001,0.85,1005,98,30.0,237,6.4,1.6
1.0,2024-08-23,26.5,53,417,342,126,939,1042,30.0,3.6,207,3.6,26.3,38.5,38.5,1002,0.9,1005,62,28.2,207,6.8,2.2
1.0,2024-08-24,25.7,53,416,341,126,940,1041,27.8,3.8,242,5.2,26.3,81.0,81.0,1002,0.93,1005,55,26.9,242,8.8,3.4
1.0,2024-08-25,25.1,53,415,340,126,940,1040,27.4,3.6,260,6.8,25.9,73.8,73.8,1000,0.91,1003,59,26.8,260,14.4,5.9
1.0,2024-08-26,25.2,53,415,340,126,940,1039,28.1,3.6,243,8.4,25.9,30.8,30.8,997,0.9,1000,56,27.0,243,15.6,7.4
1.0,2024-08-27,25.3,53,414,339,126,940,1038,28.1,3.6,206,8.8,25.6,6.5,6.5,998,0.91,1002,52,26.9,206,16.8,7.8
0.96,2024-08-28,25.6,53,413,338,126,940,1037,29.3,4.1,213,9.6,25.9,10.3,10.3,1000,0.89,1003,110,27.6,213,16.4,7.8
0.85,2024-08-29,25.6,53,413,337,126,940,1036,29.3,4.5,210,8.0,26.7,4.0,4.0,1000,0.88,1003,123,27.8,210,15.6,6.8
0.59,2024-08-30,25.6,52,412,336,126,940,1035,31.1,5.9,198,6.8,26.3,2.0,2.0,1002,0.84,1005,270,28.6,198,12.0,5.2
0.76,2024-08-31,25.6,52,411,335,126,941,1034,31.5,6.6,220,3.6,26.3,0.0,0.0,1003,0.84,1007,185,28.7,220,7.2,2.9
0.98,2024-09-01,25.7,52,410,335,126,941,1033,31.9,3.8,242,4.4,26.7,5.3,5.3,1003,0.83,1006,112,29.0,242,8.4,2.9
1.0,2024-09-02,25.6,52,410,334,126,941,1032,28.1,3.6,270,4.4,25.9,81.0,81.0,1002,0.9,1005,65,27.4,270,8.4,3.0
1.0,2024-09-03,25.2,52,409,333,126,941,1030,29.3,3.5,245,4.0,26.3,62.5,62.5,1002,0.87,1005,69,27.5,245,7.6,3.4
1.0,2024-09-04,25.8,52,408,332,126,941,1029,30.0,3.5,233,5.6,26.3,8.5,8.5,1003,0.89,1006,58,27.8,233,11.6,4.2
0.96,2024-09-05,25.8,52,407,331,126,941,1028,29.6,3.5,240,6.0,26.3,3.8,3.8,1001,0.9,1004,84,27.6,240,11.2,4.5
0.88,2024-09-06,25.6,52,406,330,126,941,1026,29.6,5.1,241,5.6,26.3,5.0,5.0,1002,0.88,1006,181,27.7,241,10.8,4.3
0.46,2024-09-07,25.5,52,405,329,126,941,1025,30.4,7.8,236,5.2,26.3,6.0,6.0,1003,0.85,1006,304,28.2,236,9.6,3.5
0.55,2024-09-08,25.7,51,405,328,126,941,1023,30.7,7.8,228,4.4,26.3,0.0,0.0,1003,0.86,1007,290,28.3,228,8.4,3.4
0.88,2024-09-09,25.9,51,404,327,126,941,1021,30.7,6.4,242,4.4,26.3,6.3,6.3,1001,0.86,1004,181,28.6,242,8.4,3.2
0.97,2024-09-10,25.8,51,403,326,126,941,1020,30.4,3.7,237,4.4,26.3,29.3,29.3,1000,0.86,1003,67,28.3,237,8.4,3.2
0.99,2024-09-11,25.5,51,402,325,126,941,1018,29.6,3.7,231,4.8,26.3,10.5,10.5,1001,0.86,1004,68,28.0,231,9.2,4.0
0.96,2024-09-12,25.0,51,401,324,126,941,1016,30.0,3.5,228,6.0,25.9,3.5,3.5,1003,0.84,1006,83,28.1,228,10.8,4.5
0.52,2024-09-13,24.9,51,400,322,126,941,1014,31.5,8.2,224,6.0,26.3,0.0,0.0,1003,0.82,1007,301,28.3,224,11.2,4.5
0.53,2024-09-14,24.2,51,399,321,126,941,1012,30.0,6.8,215,5.6,24.8,3.8,3.8,1003,0.83,1006,246,27.5,215,10.8,4.2
0.54,2024-09-15,24.7,51,398,320,126,941,1010,29.6,8.2,224,4.0,24.8,0.0,0.0,1004,0.86,1007,267,27.4,224,9.6,3.1
0.19,2024-09-16,24.1,50,397,319,126,941,1008,32.2,9.8,259,3.6,25.9,0.0,0.0,1005,0.78,1008,317,28.5,259,6.8,2.3
0.31,2024-09-17,24.2,50,396,318,126,941,1006,31.9,7.2,266,3.6,26.3,0.5,0.5,1005,0.77,1008,307,28.8,266,6.8,2.5
0.68,2024-09-18,24.7,50,395,317,126,941,1004,32.2,4.3,244,4.0,26.3,1.0,1.0,1003,0.8,1006,184,28.6,244,7.2,2.3
0.3,2024-09-19,25.3,50,393,316,126,941,1002,32.6,7.5,230,3.6,27.0,5.8,5.8,1004,0.8,1007,306,29.2,230,7.6,2.8
0.36,2024-09-20,25.1,50,392,314,125,941,999,32.2,6.7,231,4.0,27.4,0.0,0.0,1004,0.79,1007,265,29.3,231,7.2,2.9
0.21,2024-09-21,25.0,50,391,313,125,941,997,32.2,8.5,246,3.6,27.0,7.0,7.0,1005,0.78,1008,310,29.3,246,6.8,2.9
0.65,2024-09-22,26.1,49,391,312,125,941,995,32.2,6.3,262,4.0,26.7,2.3,2.3,1004,0.83,1007,181,29.3,262,7.6,2.4
0.98,2024-09-23,26.8,49,390,311,125,941,992,33.0,4.0,265,3.6,27.8,4.5,4.5,1003,0.83,1006,99,30.1,265,7.2,2.2
0.98,2024-09-24,26.5,49,389,309,125,941,990,30.7,3.8,257,4.8,27.4,39.5,39.5,1002,0.88,1005,96,28.7,257,8.0,2.3
0.98,2024-09-25,26.2,49,389,308,125,941,987,30.4,4.6,280,4.0,25.2,72.3,72.3,1000,0.91,1004,95,27.9,280,8.8,1.9
1.0,2024-09-26,25.6,49,388,307,125,940,984,28.1,3.2,112,2.8,25.2,40.5,40.5,1000,0.96,1003,31,26.3,112,5.6,1.8
1.0,2024-09-27,25.3,49,388,306,125,940,982,29.6,3.2,157,2.8,25.2,95.3,95.3,1000,0.92,1003,50,26.7,157,7.2,1.9
1.0,2024-09-28,25.3,49,387,304,125,940,979,28.1,3.2,242,4.0,25.6,32.3,32.3,1003,0.92,1006,47,26.6,242,10.4,2.1
0.82,2024-09-29,25.2,49,387,303,125,940,976,29.3,3.2,223,2.4,25.6,0.0,0.0,1006,0.89,1009,78,27.1,223,8.0,1.9
0.39,2024-09-30,25.8,48,386,302,125,940,973,31.9,5.7,245,2.4,25.2,0.0,0.0,1007,0.86,1010,258,28.4,245,5.6,1.5
0.3,2024-10-01,27.2,48,386,300,125,939,970,33.0,7.2,228,2.8,27.0,0.3,0.3,1005,0.87,1008,292,29.7,228,6.4,1.7
0.52,2024-10-02,27.4,48,385,299,124,939,967,33.7,7.3,225,2.8,27.8,4.0,4.0,1005,0.85,1008,281,30.3,225,6.4,1.7
0.33,2024-10-03,26.9,48,385,298,124,939,964,32.6,6.6,228,4.0,27.8,0.0,0.0,1005,0.85,1008,282,29.8,228,7.6,2.6
0.39,2024-10-04,25.9,48,384,296,124,939,961,31.9,6.9,230,3.6,27.0,0.0,0.0,1005,0.83,1009,234,29.1,230,7.2,2.5
0.28,2024-10-05,25.6,48,384,295,124,938,958,32.6,6.8,237,2.8,26.3,0.0,0.0,1006,0.82,1009,282,29.2,237,6.0,1.5
0.29,2024-10-06,25.4,48,383,294,124,938,955,33.3,8.5,80,3.6,26.3,0.0,0.0,1007,0.8,1010,292,29.5,80,7.6,1.9
0.28,2024-10-07,24.5,48,382,292,124,938,952,35.9,8.4,76,3.2,26.7,0.0,0.0,1007,0.7,1010,291,31.0,76,6.0,2.4
0.14,2024-10-08,23.8,48,382,291,124,937,949,36.3,9.2,98,2.8,26.7,0.0,0.0,1007,0.68,1011,288,31.0,98,5.6,2.0
0.69,2024-10-09,24.6,48,381,289,124,937,945,34.4,3.4,141,2.4,26.7,10.8,10.8,1006,0.75,1009,121,29.8,141,6.0,1.6
0.93,2024-10-10,25.1,47,381,288,124,937,942,32.6,2.9,102,3.6,26.3,54.8,54.8,1005,0.81,1008,79,28.7,102,8.0,2.6
0.97,2024-10-11,25.3,47,380,286,123,936,939,31.9,2.9,69,3.6,25.9,10.8,10.8,1004,0.83,1007,68,28.7,69,7.2,2.7
0.9,2024-10-12,24.8,47,379,285,123,936,935,32.6,2.9,176,3.6,25.9,7.5,7.5,1005,0.8,1008,87,28.9,176,6.4,1.9
0.58,2024-10-13,25.9,47,379,284,123,936,932,33.3,7.9,174,2.8,26.3,15.8,15.8,1006,0.84,1009,275,29.0,174,6.8,1.4
0.74,2024-10-14,25.4,47,378,282,123,935,928,33.3,7.5,188,3.6,25.6,2.0,2.0,1006,0.82,1010,252,29.0,188,6.0,2.0
0.96,2024-10-15,26.0,47,378,281,123,935,925,34.4,3.7,114,3.2,26.3,3.5,3.5,1006,0.81,1009,121,29.7,114,5.6,1.3
0.44,2024-10-16,26.5,47,377,279,123,935,921,34.1,6.6,192,2.4,27.0,20.0,20.0,1005,0.82,1009,259,30.0,192,4.8,1.2
0.76,2024-10-17,26.7,47,376,278,123,934,918,34.8,2.9,149,2.4,27.4,2.3,2.3,1005,0.81,1008,105,30.5,149,4.8,1.5
0.92,2024-10-18,26.3,47,376,276,122,934,914,35.2,3.2,124,3.2,27.0,32.8,32.8,1005,0.8,1008,112,30.4,124,6.4,2.1
0.85,2024-10-19,25.3,47,375,275,122,933,911,33.3,6.1,148,2.8,25.6,18.3,18.3,1007,0.83,1010,204,28.6,148,5.2,1.5
0.82,2024-10-20,25.1,46,374,273,122,933,907,32.2,5.0,190,2.4,25.2,0.3,0.3,1008,0.83,1011,183,28.4,190,4.0,1.5
0.61,2024-10-21,25.7,46,373,272,122,932,904,32.6,6.5,110,1.2,27.0,17.8,17.8,1008,0.84,1011,227,28.8,110,5.2,0.9
0.3,2024-10-22,25.2,46,373,270,122,932,900,33.3,7.6,135,2.0,26.3,3.5,3.5,1008,0.8,1011,266,29.2,135,4.4,1.4
0.11,2024-10-23,25.3,46,372,269,122,931,896,34.1,7.9,151,3.2,26.7,0.0,0.0,1008,0.77,1011,268,30.0,151,6.0,2.0
0.22,2024-10-24,24.1,46,371,267,122,931,893,34.8,5.8,156,2.4,25.6,0.0,0.0,1007,0.74,1011,247,29.7,156,5.6,1.6
0.44,2024-10-25,22.4,46,371,266,121,930,889,34.4,5.8,143,2.8,24.1,0.0,0.0,1007,0.71,1010,232,28.8,143,5.2,2.2
0.09,2024-10-26,22.3,46,370,264,121,930,885,34.4,8.3,201,2.8,22.2,0.0,0.0,1007,0.74,1011,264,28.0,201,6.0,1.9
0.2,2024-10-27,23.3,46,369,263,121,929,882,34.4,8.1,210,2.8,23.0,0.0,0.0,1006,0.77,1009,261,28.2,210,6.0,1.5
0.3,2024-10-28,24.9,46,368,261,121,929,878,34.1,8.2,224,2.0,24.1,0.0,0.0,1004,0.82,1007,254,28.7,224,5.2,1.7
0.2,2024-10-29,25.9,45,368,260,121,928,874,34.1,7.4,224,2.4,25.9,0.0,0.0,1006,0.82,1009,254,29.5,224,4.8,1.7
0.32,2024-10-30,25.2,45,367,258,121,928,871,34.8,7.6,159,2.4,25.9,0.0,0.0,1007,0.78,1010,253,30.0,159,4.8,1.5
0.0,2024-10-31,21.1,45,366,257,121,927,867,36.3,8.0,52,3.2,24.4,0.0,0.0,1008,0.65,1011,257,29.4,52,6.8,2.6
0.0,2024-11-01,20.4,45,365,255,120,926,864,35.9,7.9,73,2.8,22.6,0.0,0.0,1009,0.65,1012,255,28.5,73,6.0,2.4
0.0,2024-11-02,19.9,45,364,254,120,926,860,35.6,7.8,119,2.8,21.9,0.0,0.0,1009,0.65,1012,254,28.1,119,5.2,2.2
0.0,2024-11-03,20.4,45,364,253,120,925,856,35.2,7.8,133,2.8,22.6,0.0,0.0,1009,0.65,1012,253,28.3,133,5.6,2.2
0.0,2024-11-04,20.0,45,363,251,120,925,853,35.2,7.7,113,2.8,22.6,0.0,0.0,1008,0.63,1012,251,28.5,113,6.0,2.2
0.0,2024-11-05,19.4,45,362,250,120,924,849,35.6,7.7,115,2.8,23.0,0.0,0.0,1009,0.61,1012,250,28.6,115,5.6,2.3
0.0,2024-11-06,18.5,44,361,248,120,924,846,35.9,7.6,94,2.8,22.2,0.0,0.0,1010,0.59,1013,248,28.4,94,6.4,2.0
0.0,2024-11-07,18.0,44,361,247,119,923,842,35.9,7.5,87,2.4,21.5,0.0,0.0,1010,0.58,1013,247,28.1,87,6.0,2.1
0.0,2024-11-08,18.5,44,360,246,119,922,839,35.6,7.5,115,2.8,21.9,0.0,0.0,1009,0.59,1012,246,28.2,115,6.4,2.1
0.04,2024-11-09,17.6,44,359,244,119,922,835,35.2,7.4,98,2.4,21.9,0.0,0.0,1009,0.56,1012,244,28.2,98,6.4,1.8
0.0,2024-11-10,15.9,44,358,243,119,921,832,35.6,7.4,65,3.6,21.1,0.0,0.0,1009,0.53,1013,243,27.9,65,7.6,2.5
0.0,2024-11-11,15.5,44,358,242,119,921,829,35.2,7.3,64,3.2,21.1,0.0,0.0,1009,0.52,1013,242,27.7,64,7.2,2.2
0.01,2024-11-12,15.9,44,357,240,119,920,825,34.8,7.3,67,3.6,20.7,0.0,0.0,1009,0.53,1012,240,27.5,67,7.6,2.7
0.0,2024-11-13,14.4,44,356,239,118,920,822,34.4,7.2,67,4.4,21.5,0.0,0.0,1007,0.48,1011,239,27.7,67,8.0,3.1
0.0,2024-11-14,15.0,44,355,238,118,919,819,34.8,7.2,135,3.6,21.9,0.0,0.0,1008,0.48,1012,238,27.8,135,7.6,2.6
0.32,2024-11-15,17.5,43,355,237,118,918,816,34.4,5.6,171,3.2,21.9,0.0,0.0,1009,0.56,1012,232,27.7,171,6.4,2.1
0.12,2024-11-16,18.4,43,354,235,118,918,813,34.1,6.9,133,3.2,22.6,0.0,0.0,1008,0.58,1012,235,28.1,133,6.8,2.3
0.08,2024-11-17,17.7,43,353,234,118,917,810,34.4,6.7,46,3.6,23.7,0.0,0.0,1008,0.54,1011,234,28.6,46,8.0,2.7
0.0,2024-11-18,14.3,43,353,233,118,917,807,33.7,7.0,56,4.0,21.9,0.0,0.0,1009,0.48,1012,233,27.5,56,7.2,2.9
0.0,2024-11-19,14.5,43,352,232,118,916,804,32.6,6.9,53,3.6,20.4,0.0,0.0,1010,0.51,1014,232,26.3,53,6.8,2.5
0.0,2024-11-20,14.3,43,351,231,117,916,801,32.2,6.9,50,3.2,21.1,0.0,0.0,1010,0.51,1013,231,26.1,50,7.2,2.6
0.0,2024-11-21,15.2,43,351,230,117,915,798,31.9,6.8,138,2.8,20.4,0.0,0.0,1009,0.55,1013,230,25.6,138,6.8,2.5
0.0,2024-11-22,15.6,43,350,229,117,915,795,31.9,6.8,99,3.2,19.3,0.0,0.0,1009,0.56,1012,229,25.5,99,7.2,2.6
0.0,2024-11-23,16.5,43,349,228,117,914,793,31.5,6.8,174,2.8,20.0,0.0,0.0,1010,0.61,1013,228,25.1,174,5.6,2.1
0.11,2024-11-24,16.7,43,349,227,117,914,790,31.9,6.7,151,2.4,19.3,0.0,0.0,1010,0.61,1013,226,25.2,151,6.0,1.9
0.08,2024-11-25,14.7,43,348,226,117,913,788,31.5,6.7,56,4.4,21.1,0.0,0.0,1010,0.53,1013,226,25.8,56,7.6,3.1
0.02,2024-11-26,11.9,42,348,225,117,913,785,32.2,6.6,63,4.0,19.6,0.0,0.0,1010,0.46,1013,225,25.4,63,8.4,3.5
0.0,2024-11-27,11.7,42,347,224,117,912,783,32.2,6.6,62,4.4,18.5,0.0,0.0,1009,0.47,1012,224,25.1,62,8.0,3.4
0.0,2024-11-28,11.9,42,347,223,117,912,780,31.9,6.6,62,5.6,18.1,0.0,0.0,1009,0.48,1013,223,24.9,62,10.4,3.9
0.0,2024-11-29,11.0,42,346,222,116,911,778,30.0,6.5,56,5.2,18.9,0.0,0.0,1010,0.46,1013,222,24.2,56,10.8,3.9
0.04,2024-11-30,11.3,42,345,221,116,911,776,29.6,6.5,43,4.4,17.8,0.0,0.0,1008,0.48,1011,221,23.5,43,8.8,3.7
0.56,2024-12-01,13.4,42,345,220,116,911,774,30.7,5.8,125,3.6,18.1,0.0,0.0,1006,0.53,1009,165,23.9,125,7.6,3.0
0.56,2024-12-02,16.8,42,344,220,116,910,772,31.9,6.4,56,4.4,20.7,0.0,0.0,1006,0.58,1009,200,26.1,56,8.0,3.3
0.57,2024-12-03,18.0,42,344,219,116,910,770,33.0,4.8,45,4.0,23.0,0.0,0.0,1007,0.56,1010,200,27.8,45,8.4,3.2
0.74,2024-12-04,19.5,42,344,218,116,910,768,32.2,4.9,44,4.0,25.2,0.0,0.0,1008,0.59,1011,197,28.4,44,7.2,3.1
0.26,2024-12-05,21.4,42,343,218,116,909,767,32.2,5.5,116,3.2,24.8,0.0,0.0,1008,0.68,1012,217,28.2,116,6.4,2.2
0.44,2024-12-06,18.4,42,343,217,116,909,765,32.2,5.4,155,4.0,23.0,0.0,0.0,1008,0.6,1012,178,27.1,155,7.6,3.1
0.75,2024-12-07,12.8,42,342,216,116,909,764,30.0,4.7,168,3.2,20.4,0.0,0.0,1008,0.5,1012,180,24.7,168,7.2,2.4
0.02,2024-12-08,12.6,42,342,216,116,909,762,28.9,6.3,163,3.2,17.0,0.0,0.0,1009,0.55,1012,216,22.9,163,6.8,2.3
0.2,2024-12-09,5.6,42,342,215,116,908,761,28.1,4.8,23,5.2,16.3,0.0,0.0,1010,0.38,1014,175,21.7,23,10.0,4.0
0.11,2024-12-10,6.9,42,341,215,116,908,760,28.1,5.4,41,5.6,15.2,0.0,0.0,1010,0.4,1013,210,21.4,41,11.2,4.3
0.03,2024-12-11,12.3,42,341,215,115,908,759,30.7,6.3,111,4.0,17.4,0.0,0.0,1010,0.5,1013,215,23.4,111,6.4,2.8
0.15,2024-12-12,13.7,42,341,214,115,908,758,29.6,6.1,109,4.4,17.4,0.0,0.0,1010,0.57,1013,201,23.1,109,7.6,3.1
0.57,2024-12-13,10.8,41,341,214,115,908,757,29.3,2.2,46,5.2,17.4,0.0,0.0,1011,0.49,1014,108,22.9,46,10.8,4.4
0.03,2024-12-14,10.1,41,340,214,115,908,756,29.6,6.2,55,4.4,17.0,0.0,0.0,1011,0.45,1015,214,23.1,55,8.8,3.8
0.0,2024-12-15,10.5,41,340,213,115,908,755,31.1,6.2,55,3.6,17.4,0.0,0.0,1011,0.47,1015,213,23.5,55,6.8,2.8
0.0,2024-12-16,11.2,41,340,213,115,907,755,31.5,6.2,171,2.8,15.6,0.0,0.0,1010,0.51,1013,213,23.0,171,6.0,2.2
0.15,2024-12-17,12.0,41,340,213,115,907,754,30.4,6.2,157,3.6,15.2,0.0,0.0,1009,0.54,1012,212,22.5,157,6.4,2.2
0.2,2024-12-18,13.1,41,340,213,115,907,754,31.5,6.2,162,3.2,16.3,0.0,0.0,1008,0.58,1011,213,22.6,162,6.0,2.0
0.11,2024-12-19,15.2,41,339,213,115,907,754,30.0,6.2,186,3.2,15.6,0.0,0.0,1008,0.69,1011,213,21.9,186,6.4,1.5
0.53,2024-12-20,15.3,41,339,213,115,908,754,28.9,4.4,197,3.2,16.7,0.0,0.0,1008,0.7,1011,126,22.0,197,6.4,2.0
0.01,2024-12-21,15.3,41,339,213,115,908,753,29.6,6.2,146,2.8,17.4,0.0,0.0,1008,0.65,1011,213,22.6,146,5.2,1.7
0.39,2024-12-22,18.4,41,339,213,115,908,754,26.7,4.2,213,4.0,19.3,0.0,0.0,1009,0.79,1012,170,22.4,213,8.4,2.1
0.67,2024-12-23,17.0,41,339,213,115,908,754,27.0,5.2,286,3.2,20.0,0.0,0.0,1009,0.7,1013,187,23.2,286,6.4,1.7
0.55,2024-12-24,12.9,41,339,213,115,908,754,26.7,3.8,156,4.0,18.5,0.0,0.0,1010,0.57,1013,154,22.1,156,8.0,3.2
0.45,2024-12-25,15.1,41,339,213,115,908,754,28.1,5.3,178,3.2,18.1,0.0,0.0,1010,0.63,1014,206,22.6,178,6.4,2.5
0.53,2024-12-26,19.1,41,339,213,115,908,755,29.3,5.4,145,2.8,20.4,0.0,0.0,1012,0.74,1015,207,24.3,145,5.6,1.6
0.26,2024-12-27,19.1,41,339,214,115,909,755,28.5,5.9,291,3.2,20.4,0.0,0.0,1012,0.76,1015,210,24.0,291,6.8,1.7
0.14,2024-12-28,17.2,41,339,214,116,909,756,28.1,5.2,286,3.2,20.0,0.0,0.0,1013,0.68,1016,213,23.6,286,7.2,2.7
0.01,2024-12-29,18.0,41,339,214,116,909,757,30.0,6.2,120,4.0,19.3,0.0,0.0,1013,0.7,1016,214,24.0,120,7.2,2.9
0.0,2024-12-30,19.0,41,340,215,116,909,758,31.1,6.2,154,3.2,20.4,0.0,0.0,1012,0.72,1015,215,24.7,154,6.0,2.5
0.15,2024-12-31,18.8,41,340,215,116,910,759,31.1,5.8,142,3.6,19.3,0.0,0.0,1013,0.71,1016,208,24.6,142,6.0,2.4
