clouds,datetime,dewpt,dhi,dni,ghi,max_dhi,max_dni,max_ghi,max_temp,max_uv,max_wind_dir,max_wind_spd,min_temp,precip,precip_gpm,pres,rh,slp,solar_rad,t_dhi,t_dni,t_ghi,t_solar_rad,temp,ts,wind_dir,wind_gust_spd,wind_spd,Market
0,01-01-2024,17.9,41,340,215,116,910,759,30.7,6.3,156,3.6,20,0,0,1008,68,1013,215,954,7816,4946,4946,24.5,1704047400,156,5.6,2.2,Bardoli
0,02-01-2024,18,41,340,216,116,910,760,28.9,6.3,173,3.2,18.5,0,0,1008,74,1013,216,954,7820,4957,4957,23.1,1704133800,173,6.4,2.1,Bardoli
17,03-01-2024,17.9,42,340,216,116,911,762,28.1,6.3,188,3.6,17.4,0,0,1007,79,1013,210,955,7825,4968,4834,22.1,1704220200,188,6,2.4,Bardoli
3,04-01-2024,16.9,42,340,217,116,911,763,28.5,6.2,146,3.6,16.7,0,0,1007,74,1013,216,956,7831,4980,4978,22.3,1704306600,146,6.4,2.4,Bardoli
1,05-01-2024,16.4,42,341,217,116,911,764,28.1,6.1,89,4,17.4,0,0,1008,72,1013,217,957,7837,4993,4993,22.1,1704393000,89,6.4,3,Bardoli
22,06-01-2024,15.9,42,341,218,116,912,766,28.1,6.3,39,4.4,17.4,0,0,1009,69,1014,214,958,7844,5007,4933,22.2,1704479400,39,8.4,3.2,Bardoli
39,07-01-2024,17.8,42,341,218,116,912,768,28.9,5.9,62,5.2,19.6,0,0,1008,72,1014,218,960,7852,5022,5017,23.5,1704565800,62,10,3.6,Bardoli
15,08-01-2024,18.4,42,342,219,116,913,769,31.1,6.4,88,4.4,20.4,0,0,1008,69,1014,219,961,7860,5038,5038,24.8,1704652200,88,9.2,3.3,Bardoli
31,09-01-2024,18.2,42,342,220,116,913,771,29.6,5.3,37,3.6,20.4,0,0,1009,69,1014,186,962,7868,5055,4285,24.5,1704738600,37,6.4,2.7,Bardoli
8,10-01-2024,19.4,42,342,221,117,914,773,29.6,6.2,36,2.8,20.7,0,0,1009,74,1014,221,964,7877,5072,5072,24.6,1704825000,36,6.4,2.4,Bardoli
6,11-01-2024,19.9,42,343,221,117,915,775,30.4,6.5,34,3.6,20.4,0,0,1009,75,1015,220,965,7887,5090,5055,24.9,1704911400,34,6.4,2.7,Bardoli
2,12-01-2024,19.5,42,343,222,117,915,777,33,6.5,117,4,21.1,0,0,1009,69,1014,222,967,7897,5109,5109,26.2,1704997800,117,8,2.7,Bardoli
0,13-01-2024,18.7,42,344,223,117,916,780,33,6.5,187,3.2,20.4,0,0,1009,67,1014,223,968,7908,5129,5129,25.9,1705084200,187,7.2,2.1,Bardoli
0,14-01-2024,13.6,42,344,224,117,916,782,30,6.6,157,3.2,18.5,0,0,1010,57,1015,224,970,7920,5150,5150,23.7,1705170600,157,7.2,2.2,Bardoli
0,15-01-2024,11.3,42,345,225,117,917,784,28.9,6.6,168,2.4,15.6,0,0,1009,56,1015,225,972,7931,5171,5171,21.8,1705257000,168,4.8,1.6,Bardoli
23,16-01-2024,13,42,345,226,117,918,787,29.3,6.4,206,2.4,15.2,0,0,1007,62,1012,219,974,7944,5193,5030,21.5,1705343400,206,4.8,1.5,Bardoli
50,17-01-2024,12.8,42,346,227,117,918,789,28.5,3.5,166,2.4,15.2,0,0,1006,62,1012,160,976,7957,5216,3680,21.5,1705429800,166,6.4,1.6,Bardoli
3,18-01-2024,13.4,43,347,228,118,919,792,28.1,6.4,107,2.8,15.9,0,0,1008,61,1013,228,978,7970,5239,5239,22,1705516200,107,5.2,1.9,Bardoli
2,19-01-2024,14,43,347,229,118,920,795,29.6,6.7,111,4,16.7,0,0,1008,60,1013,229,980,7984,5263,5261,22.6,1705602600,111,8.4,2.9,Bardoli
33,20-01-2024,12.6,43,348,230,118,920,797,29.3,6.8,142,4,16.7,0,0,1009,55,1014,219,982,7998,5288,5040,22.4,1705689000,142,7.2,3,Bardoli
62,21-01-2024,10.5,43,348,231,118,921,800,28.5,2.2,41,4.4,16.7,0,0,1010,49,1015,70,984,8013,5314,1611,22.3,1705775400,41,9.2,3.3,Bardoli
49,22-01-2024,10.3,43,349,232,118,922,803,29.3,5.4,151,4,15.9,0,0,1010,50,1015,219,986,8029,5340,5040,22,1705861800,151,8.4,3.1,Bardoli
0,23-01-2024,7.5,43,350,233,118,922,806,28.5,6.9,99,4.4,15.6,0,0,1010,42,1016,233,989,8044,5367,5367,21.6,1705948200,99,8.8,3,Bardoli
3,24-01-2024,9,43,350,235,118,923,809,28.5,7,44,4,15.9,0,0,1010,47,1016,235,991,8061,5394,5394,21.7,1706034600,44,8.4,2.8,Bardoli
4,25-01-2024,10,43,351,236,119,924,813,29.3,7,61,4.4,14.4,0,0,1011,51,1016,235,994,8077,5422,5413,21.8,1706121000,61,9.6,3.2,Bardoli
27,26-01-2024,11.1,43,352,237,119,925,816,31.1,6.7,59,4,16.7,0,0,1012,49,1017,233,996,8094,5450,5351,23.1,1706207400,59,7.6,2.8,Bardoli
76,27-01-2024,13.3,43,353,238,119,925,819,32.6,4.7,128,4.4,16.7,0,0,1011,56,1017,140,999,8112,5479,3210,23.7,1706293800,128,8.4,2.5,Bardoli
69,28-01-2024,14.2,44,353,240,119,926,822,32.6,3.7,162,3.2,16.3,0,0,1011,61,1016,205,1001,8129,5509,4716,23.6,1706380200,162,6.4,1.9,Bardoli
48,29-01-2024,13.3,44,354,241,119,927,826,30.4,6.5,153,2.8,16.3,0,0,1011,58,1016,238,1004,8148,5539,5473,23,1706466600,153,6.4,1.8,Bardoli
29,30-01-2024,14.2,44,355,242,120,928,829,30.4,7,162,2,17,0,0,1010,60,1015,232,1007,8166,5569,5337,23,1706553000,162,5.2,1.6,Bardoli
86,31-01-2024,14.5,44,356,243,120,928,833,30,3.2,177,2.8,17,0,0,1009,62,1014,129,1009,8185,5600,2971,23.2,1706639400,177,6.4,1.5,Bardoli
24,01-02-2024,16.4,44,357,245,120,929,836,30,7.4,247,2.4,17.8,0,0,1010,68,1015,241,1012,8204,5632,5533,23.4,1706725800,247,6,1.5,Bardoli
37,02-02-2024,17,44,358,246,120,930,840,30,3.3,151,2.4,17.8,0,0,1011,70,1016,189,1015,8223,5664,4357,23.7,1706812200,151,5.6,1.5,Bardoli
2,03-02-2024,15.7,44,358,248,120,931,843,33.3,7.5,66,3.6,19.3,0,0,1010,57,1015,248,1018,8243,5696,5696,25.6,1706898600,66,7.6,2.4,Bardoli
0,04-02-2024,16,44,359,249,120,931,847,34.8,7.5,150,2.4,20,0,0,1010,56,1015,249,1021,8263,5729,5729,26.7,1706985000,150,5.2,1.9,Bardoli
0,05-02-2024,16.9,45,360,251,121,932,851,32.2,7.6,277,2.8,20,0,0,1011,60,1016,251,1024,8283,5762,5762,26.1,1707071400,277,6.4,1.7,Bardoli
7,06-02-2024,18.1,45,361,252,121,933,854,32.6,7.7,216,2.8,20.7,0,0,1011,64,1016,233,1027,8303,5795,5352,26.1,1707157800,216,6,1.7,Bardoli
24,07-02-2024,16.1,45,362,253,121,934,858,31.5,7.7,161,4.4,19.6,0,0,1012,59,1017,249,1031,8323,5829,5725,25.5,1707244200,161,8,2.5,Bardoli
52,08-02-2024,14,45,363,255,121,934,862,30,7.5,33,4.8,19.6,0,0,1012,53,1017,217,1035,8345,5863,4996,24.6,1707330600,33,9.6,3.2,Bardoli
31,09-02-2024,13.8,45,364,256,121,935,866,31.1,7.8,150,3.2,17.8,0,0,1010,55,1016,254,1039,8367,5897,5845,24.2,1707417000,150,6.4,2.6,Bardoli
1,10-02-2024,12.1,45,365,258,121,936,869,30.7,7.9,169,3.2,17.8,0,0,1011,51,1016,258,1043,8391,5932,5931,23.6,1707503400,169,6,2.2,Bardoli
8,11-02-2024,13.4,46,366,259,122,937,873,31.1,8,204,2.8,17,0,0,1011,56,1016,258,1047,8416,5967,5935,23.6,1707589800,204,4.4,1.8,Bardoli
97,12-02-2024,13.5,46,367,261,122,937,877,31.1,2.6,158,2.8,17.8,0,0,1010,54,1016,78,1051,8442,6003,1786,24.2,1707676200,158,6.4,1.8,Bardoli
98,13-02-2024,13.4,46,368,263,122,938,881,30.4,2.5,169,3.6,17.8,0,0,1011,55,1016,68,1055,8469,6039,1570,23.8,1707762600,169,7.6,1.9,Bardoli
24,14-02-2024,12.9,46,369,264,122,939,885,31.1,8.2,224,2.8,18.1,0,0,1010,52,1016,261,1059,8496,6074,6003,24.5,1707849000,224,6,2.2,Bardoli
1,15-02-2024,15,46,371,266,122,939,889,33.3,8.2,65,4,17.8,0,0,1009,55,1014,266,1063,8524,6111,6111,25.3,1707935400,65,8.8,2.5,Bardoli
13,16-02-2024,16.6,46,372,267,123,940,892,35.2,8.2,71,5.2,21.9,0,0,1009,53,1014,262,1067,8552,6147,6023,27.7,1708021800,71,10.8,3.3,Bardoli
24,17-02-2024,16.4,47,373,269,123,941,896,36.3,7.5,158,2.8,21.9,0,0,1007,53,1012,253,1071,8580,6183,5826,28.4,1708108200,158,6.4,2,Bardoli
2,18-02-2024,15.9,47,374,270,123,941,900,35.6,8.4,227,4,20.7,0,0,1006,55,1011,270,1075,8607,6220,6220,27.4,1708194600,227,7.6,1.9,Bardoli
37,19-02-2024,14.3,47,375,272,123,942,904,34.8,6.7,215,4.4,19.6,0,0,1007,52,1012,260,1079,8635,6257,5973,26.7,1708281000,215,10,2.3,Bardoli
13,20-02-2024,15.7,47,377,274,123,943,908,33,8.6,237,4.4,18.9,0,0,1008,58,1013,274,1082,8663,6293,6292,25.8,1708367400,237,9.2,2.3,Bardoli
25,21-02-2024,18.3,47,378,275,123,943,912,30,7.1,242,4,20.7,0,0,1007,68,1012,271,1086,8690,6330,6227,25.1,1708453800,242,8.4,2.9,Bardoli
14,22-02-2024,17.2,47,379,277,124,944,916,30.4,8.7,253,3.6,21.5,0,0,1008,65,1013,277,1090,8717,6367,6366,25.3,1708540200,253,8.8,2.6,Bardoli
24,23-02-2024,13.3,48,380,278,124,945,919,31.1,8.8,175,2.4,19.3,0,0,1008,58,1014,276,1093,8744,6404,6340,24.8,1708626600,175,6.8,1.7,Bardoli
0,24-02-2024,5.8,48,381,280,124,945,923,31.1,8.9,245,3.6,17.8,0,0,1008,34,1014,280,1097,8771,6440,6440,24.3,1708713000,245,8.4,2.7,Bardoli
1,25-02-2024,5.2,48,382,282,124,946,927,31.9,8.9,29,4.8,17.8,0,0,1007,30,1013,282,1100,8797,6477,6477,24.8,1708799400,29,10,3.4,Bardoli
86,26-02-2024,12,48,384,283,124,946,931,34.8,3.7,156,4.8,19.3,0,0,1005,42,1011,141,1104,8823,6514,3233,26.7,1708885800,156,8.8,2.6,Bardoli
6,27-02-2024,14.9,48,385,285,124,947,934,35.2,8.8,206,3.2,20.7,0,0,1007,50,1012,285,1107,8848,6550,6546,27.4,1708972200,206,7.2,1.7,Bardoli
0,28-02-2024,15.2,48,386,286,125,947,938,35.9,9.2,128,3.2,21.5,0,0,1007,47,1012,286,1111,8873,6586,6586,28.4,1709058600,128,6,2.3,Bardoli
17,29-02-2024,15.2,48,387,288,125,948,942,38.5,8.7,149,2.8,23,0,0,1006,44,1011,284,1114,8898,6623,6524,30.1,1709145000,149,6.4,2.2,Bardoli
4,01-03-2024,16.3,49,388,290,125,948,945,36.3,9.3,208,4.4,23.7,0,0,1007,49,1012,290,1117,8922,6659,6659,29.1,1709231400,208,8.8,2.8,Bardoli
5,02-03-2024,19.4,49,389,291,125,949,949,31.9,9.4,218,6,23,1.3,1.3,1007,66,1012,291,1121,8946,6695,6694,26.8,1709317800,218,11.2,3.6,Bardoli
12,03-03-2024,13.3,49,390,293,125,949,953,28.1,9.4,279,4.4,20,0,0,1008,54,1013,293,1124,8969,6730,6730,24.3,1709404200,279,8.8,3.1,Bardoli
0,04-03-2024,9.2,49,391,294,125,950,956,30,9.5,169,3.6,16.3,0,0,1009,47,1014,294,1127,8992,6766,6766,23.2,1709490600,169,7.2,2,Bardoli
0,05-03-2024,7.6,49,392,296,125,950,960,32.6,9.6,187,3.6,16.7,0,0,1009,37,1014,296,1130,9014,6801,6801,24.3,1709577000,187,7.6,2.5,Bardoli
0,06-03-2024,7.6,49,393,297,126,950,963,33,9.7,238,3.6,17.8,0,0,1008,38,1013,297,1133,9036,6836,6836,25,1709663400,238,7.6,2.3,Bardoli
8,07-03-2024,10.4,49,394,299,126,951,967,33.3,9.7,199,3.6,18.5,0,0,1008,41,1013,295,1136,9058,6871,6775,26.2,1709749800,199,7.2,1.8,Bardoli
0,08-03-2024,10.3,50,395,300,126,951,970,33.7,9.8,144,3.6,19.3,0,0,1008,38,1013,300,1139,9079,6905,6905,27,1709836200,144,8,2.4,Bardoli
6,09-03-2024,9.3,50,396,302,126,952,973,34.1,9.9,152,4.4,20.4,0,0,1008,35,1013,301,1142,9099,6940,6918,27.1,1709922600,152,8,2.5,Bardoli
1,10-03-2024,9.4,50,396,303,126,952,976,34.4,9.9,197,3.6,20,0,0,1008,36,1013,303,1145,9119,6973,6973,27,1710009000,197,8.4,1.8,Bardoli
0,11-03-2024,12.6,50,397,305,126,952,980,35.9,10,254,2.8,20.4,0,0,1010,41,1015,305,1148,9139,7007,7007,28.4,1710095400,254,6.4,2,Bardoli
0,12-03-2024,14.5,50,398,306,126,953,983,35.2,10.1,245,3.2,21.5,0,0,1009,45,1014,306,1150,9158,7040,7040,28.4,1710181800,245,7.6,2.3,Bardoli
0,13-03-2024,14.9,50,399,308,126,953,986,34.4,10.1,295,3.6,22.2,0,0,1008,49,1013,308,1153,9177,7073,7073,27.9,1710268200,295,8,2.2,Bardoli
0,14-03-2024,15.1,50,400,309,126,953,989,34.1,10.2,269,2.8,20.7,0,0,1008,52,1014,309,1156,9195,7105,7105,27.3,1710354600,269,6.4,1.9,Bardoli
0,15-03-2024,15,50,401,310,127,953,992,34.1,10.3,221,2.4,19.6,0,0,1007,54,1012,310,1158,9213,7137,7137,26.8,1710441000,221,5.2,1.6,Bardoli
0,16-03-2024,14.1,50,401,312,127,954,995,35.2,10.3,249,2.8,19.3,0,0,1007,51,1012,312,1161,9230,7169,7169,27.4,1710527400,249,5.2,1.6,Bardoli
0,17-03-2024,14.8,51,402,313,127,954,998,34.8,10.4,223,3.6,19.6,0,0,1007,52,1012,313,1163,9247,7200,7200,27.2,1710613800,223,7.6,2.1,Bardoli
20,18-03-2024,17.8,51,403,314,127,954,1001,35.2,10.5,257,3.2,20.7,0,0,1007,62,1012,311,1166,9263,7231,7159,27.8,1710700200,257,7.2,2.1,Bardoli
6,19-03-2024,13.3,51,403,316,127,954,1003,36.3,10.5,210,2.8,20.7,0,0,1007,47,1012,316,1168,9279,7261,7261,28.5,1710786600,210,6.8,1.8,Bardoli
5,20-03-2024,10.9,51,404,317,127,954,1006,37.4,10.6,218,2.8,20.7,0,0,1006,35,1012,317,1170,9294,7291,7291,29.6,1710873000,218,6.8,1.7,Bardoli
71,21-03-2024,12.7,51,405,318,127,954,1009,37.8,4,191,3.2,21.5,0,0,1005,40,1010,122,1173,9309,7320,2812,29.7,1710959400,191,5.2,1.5,Bardoli
11,22-03-2024,13.2,51,405,320,127,955,1011,38.1,10.7,220,3.6,21.9,0.3,0.3,1004,39,1009,309,1175,9324,7349,7103,29.9,1711045800,220,7.2,1.8,Bardoli
26,23-03-2024,15.6,51,406,321,127,955,1014,37.4,10.8,196,4,22.2,0,0,1004,49,1009,315,1177,9338,7378,7251,29.5,1711132200,196,7.6,1.8,Bardoli
22,24-03-2024,16.7,51,407,322,127,955,1016,36.7,8.7,253,3.2,22.6,0,0,1005,51,1010,318,1179,9352,7406,7320,29.5,1711218600,253,7.6,2,Bardoli
0,25-03-2024,17.4,51,407,323,127,955,1018,37.8,10.9,206,3.2,23,0,0,1006,51,1011,323,1181,9366,7433,7433,30.2,1711305000,206,6.4,1.9,Bardoli
0,26-03-2024,18.1,51,408,324,127,955,1021,38.5,10.9,251,3.6,23.3,0,0,1005,51,1010,324,1183,9379,7460,7460,30.9,1711391400,251,6.8,1.8,Bardoli
9,27-03-2024,19.6,52,408,326,128,955,1023,38.9,11,224,3.6,24.8,0,0,1007,52,1012,326,1185,9391,7487,7487,31.7,1711477800,224,5.6,1.7,Bardoli
6,28-03-2024,20.9,52,409,327,128,955,1025,38.9,10.4,240,3.2,25.9,0,0,1006,56,1011,326,1187,9403,7513,7496,31.9,1711564200,240,6.8,1.9,Bardoli
31,29-03-2024,19.4,52,409,328,128,955,1027,38.1,5.9,263,2.8,26.7,0,0,1005,51,1010,295,1189,9415,7538,6787,31.9,1711650600,263,5.2,1.8,Bardoli
8,30-03-2024,17.2,52,410,329,128,955,1029,37.8,9.8,256,4,25.6,0,0,1006,46,1011,328,1191,9427,7563,7547,31.3,1711737000,256,8,2.3,Bardoli
12,31-03-2024,15.3,52,410,330,128,955,1031,37,10,278,3.2,24.8,0,0,1007,43,1012,324,1192,9438,7588,7456,30.7,1711823400,278,7.6,1.9,Bardoli
40,01-04-2024,15.5,52,411,331,128,955,1033,37.4,9.1,270,3.6,23.3,0,0,1005,45,1010,220,1194,9449,7611,5071,30.2,1711909800,270,8,1.9,Bardoli
42,02-04-2024,17,52,411,332,128,955,1035,37.4,7.7,249,4,23.7,0,0,1003,49,1008,241,1196,9459,7635,5552,30.3,1711996200,249,8,2.1,Bardoli
44,03-04-2024,17.4,52,412,333,128,955,1037,37.4,11.3,233,3.6,23.7,0,0,1004,52,1009,310,1197,9469,7658,7130,30.2,1712082600,233,7.6,1.9,Bardoli
80,04-04-2024,17.6,52,412,334,128,955,1038,37,4.9,270,3.2,24.1,0,0,1005,51,1010,195,1199,9479,7680,4483,30.5,1712169000,270,8,2.1,Bardoli
17,05-04-2024,16.8,52,413,335,128,954,1040,37.4,9.8,231,4.8,24.4,0,0,1005,48,1010,334,1201,9489,7702,7672,30.9,1712255400,231,10,2.4,Bardoli
16,06-04-2024,14.1,52,413,336,128,954,1042,37.8,10.8,321,4.4,25.6,0.3,0.3,1004,37,1009,336,1205,9499,7724,7719,31.7,1712341800,321,10,2.9,Bardoli
1,07-04-2024,13.9,53,414,337,128,954,1043,37.8,11.5,250,4,25.6,0,0,1003,38,1008,337,1208,9513,7745,7745,31.2,1712428200,250,7.2,2.4,Bardoli
0,08-04-2024,16.7,53,414,338,128,954,1045,39.3,11.5,248,2.4,23.7,0,0,1003,46,1008,338,1211,9529,7766,7766,31.1,1712514600,248,6,1.8,Bardoli
0,09-04-2024,19.4,53,415,339,128,954,1046,38.5,11.6,221,3.2,24.4,0,0,1003,54,1008,339,1214,9547,7787,7787,31.3,1712601000,221,5.6,1.9,Bardoli
13,10-04-2024,19.9,53,416,339,128,954,1047,38.5,11.6,190,4,25.6,0,0,1003,55,1008,339,1217,9565,7807,7807,31.3,1712687400,190,7.2,2.3,Bardoli
33,11-04-2024,18.7,53,417,340,128,954,1048,38.5,10.5,186,3.6,25.6,0,0,1004,51,1009,324,1219,9585,7827,7443,31.1,1712773800,186,6.8,2.1,Bardoli
3,12-04-2024,17.8,53,418,341,128,953,1050,37,11.7,198,4.8,24.4,0,0,1004,52,1009,341,1222,9604,7846,7846,30.2,1712860200,198,8.8,2.4,Bardoli
13,13-04-2024,20.9,53,418,342,128,953,1051,35.9,11.7,216,5.2,23.7,0,0,1004,64,1009,337,1225,9624,7865,7748,29.3,1712946600,216,9.2,3.2,Bardoli
9,14-04-2024,21.9,53,419,343,128,953,1052,37.4,11.7,222,4,25.2,0,0,1005,61,1010,342,1227,9643,7884,7877,31.1,1713033000,222,6.4,2.3,Bardoli
11,15-04-2024,19.9,53,420,344,128,953,1053,41.5,11.4,189,4.4,28.1,0,0,1005,46,1010,340,1229,9662,7902,7814,34.4,1713119400,189,8.4,2.7,Bardoli
2,16-04-2024,14.2,54,421,344,128,952,1054,41.1,11,112,3.6,28.9,0,0,1004,30,1009,344,1232,9680,7920,7917,35.2,1713205800,112,8.4,3,Bardoli
4,17-04-2024,12.8,54,422,345,128,952,1055,42.2,11.6,164,4.8,29.6,0,0,1002,27,1007,345,1234,9698,7937,7935,35.9,1713292200,164,8.8,2.7,Bardoli
31,18-04-2024,18,54,422,346,128,952,1055,41.1,10.7,260,3.6,28.1,0,0,1003,44,1008,329,1236,9716,7954,7561,34.2,1713378600,260,8,2.2,Bardoli
33,19-04-2024,18.5,54,423,347,128,952,1056,39.3,7.6,283,3.2,28.9,0,0,1001,42,1007,321,1238,9732,7970,7394,33.9,1713465000,283,8,2.2,Bardoli
11,20-04-2024,17.3,54,424,347,128,951,1057,38.5,11.9,296,4.4,27.8,0,0,1002,42,1007,347,1240,9749,7986,7978,32.9,1713551400,296,8.8,2.8,Bardoli
46,21-04-2024,17.5,54,425,348,128,951,1057,37.8,5.7,264,2.8,26.7,0,0,1002,46,1007,266,1241,9764,8002,6112,32,1713637800,264,7.6,2.2,Bardoli
67,22-04-2024,18.1,54,425,349,128,951,1058,37,4.8,269,3.6,27,0,0,1003,48,1008,196,1243,9780,8017,4507,31.8,1713724200,269,8.4,2.4,Bardoli
0,23-04-2024,18.6,54,426,349,128,951,1059,38.9,12,248,4,25.2,0,0,1002,50,1007,349,1245,9794,8031,8031,31.9,1713810600,248,8.4,2,Bardoli
1,24-04-2024,19.5,54,426,350,128,950,1059,39.6,12,219,3.6,25.6,0,0,1001,51,1006,350,1246,9808,8045,8045,32.4,1713897000,219,6.4,1.9,Bardoli
14,25-04-2024,19.5,54,427,350,128,950,1059,39.3,10.3,243,3.2,27.4,0,0,1002,48,1007,349,1248,9822,8059,8017,33.2,1713983400,243,6.8,2.2,Bardoli
24,26-04-2024,19,54,428,351,128,950,1060,39.3,10.1,287,3.2,28.1,1.3,1.3,1002,47,1007,341,1249,9834,8072,7836,33,1714069800,287,6.8,1.8,Bardoli
55,27-04-2024,18.8,54,428,352,128,949,1060,39.6,5.8,270,3.2,26.7,0,0,1002,45,1007,225,1251,9847,8085,5185,33.6,1714156200,270,6.8,2.1,Bardoli
46,28-04-2024,15.4,54,429,352,128,949,1060,40.4,8.8,263,3.6,28.5,0,0,1002,33,1007,339,1252,9859,8097,7786,34.7,1714242600,263,7.6,2.3,Bardoli
5,29-04-2024,14.4,55,429,353,128,949,1061,40.4,12,327,3.6,28.1,0,0,1003,32,1008,353,1254,9870,8109,8108,34.4,1714329000,327,8,2.6,Bardoli
3,30-04-2024,15.2,55,430,353,128,948,1061,40.7,12.1,310,4,28.1,0,0,1002,34,1007,353,1255,9881,8120,8120,34.4,1714415400,310,8.8,3,Bardoli
0,01-05-2024,15.7,55,430,354,128,948,1061,39.3,12.1,261,4,26.7,0,0,1000,42,1005,354,1256,9891,8131,8131,32.8,1714501800,261,8.8,2.7,Bardoli
16,02-05-2024,17.2,55,430,354,128,948,1061,38.9,10,229,3.6,25.6,0,0,1000,47,1005,352,1257,9901,8142,8105,32.2,1714588200,229,7.6,2.3,Bardoli
8,03-05-2024,18.1,55,431,354,128,947,1061,40,12.1,244,2.8,25.2,0,0,1001,49,1006,354,1258,9911,8152,8151,32.3,1714674600,244,6.4,2.3,Bardoli
46,04-05-2024,21.3,55,431,355,128,947,1061,40.7,6,272,4,26.3,0,0,1002,55,1007,272,1259,9920,8162,6262,33.3,1714761000,272,9.2,2.6,Bardoli
37,05-05-2024,20.7,55,432,355,128,946,1061,40,11.6,273,4.4,27.8,0,0,1001,50,1006,337,1260,9929,8171,7743,34.1,1714847400,273,9.6,2.8,Bardoli
3,06-05-2024,21.1,55,432,356,128,946,1061,38.1,12,251,4.4,28.9,0,0,1001,52,1006,356,1261,9937,8180,8178,33.4,1714933800,251,10,3.1,Bardoli
2,07-05-2024,23.3,55,432,356,128,946,1061,38.5,11.9,221,5.6,27.8,0,0,1002,62,1007,356,1262,9945,8189,8189,32.5,1715020200,221,10.8,3.8,Bardoli
3,08-05-2024,23.5,55,433,356,127,945,1061,38.9,12.1,225,4.8,27,0,0,1002,63,1007,356,1263,9953,8197,8197,32.3,1715106600,225,9.2,3.8,Bardoli
6,09-05-2024,24,55,433,357,127,945,1061,37.8,12,225,4.8,27,0,0,1001,66,1006,357,1264,9960,8205,8204,31.9,1715193000,225,9.6,3.9,Bardoli
5,10-05-2024,23.2,55,433,357,127,945,1061,37,12.1,229,4.8,27.4,0,0,1003,65,1008,357,1265,9967,8212,8209,31.5,1715279400,229,10,3.8,Bardoli
16,11-05-2024,23.9,55,434,357,127,944,1061,38.5,11.9,242,4,26.3,0,0,1004,66,1009,356,1266,9973,8219,8177,32.2,1715365800,242,7.2,2.6,Bardoli
28,12-05-2024,23.7,55,434,358,127,944,1061,37,10.6,218,3.2,27.4,0,0,1004,64,1009,348,1266,9979,8226,8004,32,1715452200,218,6.8,2.6,Bardoli
14,13-05-2024,23.6,55,434,358,127,944,1060,39.6,11.5,187,4,27.8,7.5,7.5,1003,61,1008,349,1267,9985,8233,8021,32.8,1715538600,187,8.4,2.1,Bardoli
10,14-05-2024,20.5,55,434,358,127,943,1060,38.1,11.8,84,3.6,26.3,0.8,0.8,1003,52,1008,356,1268,9991,8239,8182,32.4,1715625000,84,10,2.1,Bardoli
14,15-05-2024,19.2,55,435,358,127,943,1060,41.5,10.4,137,4,28.9,1.5,1.5,1003,44,1008,352,1268,9996,8244,8091,34.9,1715711400,137,6,1.6,Bardoli
29,16-05-2024,18.5,55,435,359,127,942,1060,41.5,11.8,185,5.2,30,0,0,1002,39,1007,339,1269,10001,8250,7794,35.5,1715797800,185,10,1.8,Bardoli
4,17-05-2024,22,55,435,359,127,942,1059,40,12.1,230,3.6,30,0,0,1001,49,1006,359,1269,10006,8255,8255,35.1,1715884200,230,8.8,2.9,Bardoli
6,18-05-2024,22.8,55,435,359,127,942,1059,42.6,12,253,3.6,30,0,0,999,52,1004,359,1270,10010,8260,8257,35.6,1715970600,253,7.6,2.6,Bardoli
5,19-05-2024,20.9,55,435,359,127,941,1059,43,12,249,4.4,30,0,0,997,48,1002,359,1270,10014,8264,8264,36,1716057000,249,8.8,3.1,Bardoli
9,20-05-2024,21.3,55,436,360,127,941,1058,42.6,10.4,255,5.2,30,0,0,997,48,1002,359,1271,10018,8269,8254,35.8,1716143400,255,10.4,3.2,Bardoli
15,21-05-2024,21.1,55,436,360,127,941,1058,44.1,11.6,281,4.8,30,0,0,997,48,1002,351,1271,10021,8273,8066,36.3,1716229800,281,9.2,2.7,Bardoli
35,22-05-2024,22.8,55,436,360,127,940,1058,42.2,7.4,258,3.6,30.7,0,0,997,51,1002,333,1272,10025,8276,7652,35.8,1716316200,258,7.2,2.5,Bardoli
12,23-05-2024,22.4,55,436,360,127,940,1057,41.9,10.5,244,4.4,30.7,0,0,996,50,1001,359,1272,10028,8280,8267,35.8,1716402600,244,9.2,2.9,Bardoli
6,24-05-2024,23.1,55,436,360,127,940,1057,41.1,12.1,244,5.2,29.6,0,0,995,55,1000,360,1272,10031,8283,8283,34.9,1716489000,244,10.8,3.7,Bardoli
13,25-05-2024,24.5,55,436,360,127,939,1057,39.6,12,234,5.6,30,0,0,997,62,1002,360,1273,10033,8286,8286,33.7,1716575400,234,10.4,4.3,Bardoli
91,26-05-2024,25.9,55,436,360,127,939,1056,37.4,4.9,229,6,30,0,0,997,67,1003,186,1273,10036,8289,4284,33,1716661800,229,12.8,5.1,Bardoli
63,27-05-2024,25.9,55,436,360,127,939,1056,36.7,9.6,226,7.6,30.4,0,0,997,69,1002,287,1273,10038,8291,6601,32.6,1716748200,226,13.2,5.9,Bardoli
48,28-05-2024,25.6,55,437,361,127,938,1055,36.7,10.2,231,7.6,29.3,0,0,997,68,1002,341,1273,10040,8294,7837,32.4,1716834600,231,14.4,6.4,Bardoli
47,29-05-2024,25.2,55,437,361,127,938,1055,36.3,10.4,230,8.4,29.3,0,0,997,67,1002,274,1273,10041,8296,6296,32.4,1716921000,230,16,6.7,Bardoli
31,30-05-2024,24.8,55,437,361,126,938,1055,37,11.1,234,6.8,29.6,0,0,999,64,1004,354,1274,10043,8298,8143,32.8,1717007400,234,13.2,5.4,Bardoli
13,31-05-2024,24.9,55,437,361,126,937,1054,37.4,12.1,232,6.4,29.6,0,0,1000,64,1005,360,1274,10044,8300,8280,33,1717093800,232,13.2,4.8,Bardoli
11,01-06-2024,25.1,55,437,361,126,937,1054,37.4,10.8,238,5.6,29.3,0,0,1000,65,1005,357,1274,10045,8301,8201,33,1717180200,238,11.6,4.3,Bardoli
28,02-06-2024,24.2,55,437,361,126,937,1054,37.8,10.5,247,4.4,28.9,0,0,1001,62,1006,357,1274,10046,8302,8218,33,1717266600,247,8.8,3.3,Bardoli
70,03-06-2024,24.6,55,437,361,126,936,1053,37,6.8,233,5.6,29.3,0,0,1001,64,1006,289,1274,10047,8304,6644,32.8,1717353000,233,10.8,3.7,Bardoli
31,04-06-2024,24.3,55,437,361,126,936,1053,37.8,8.2,238,6,28.9,0,0,1001,63,1006,349,1274,10048,8305,8036,33,1717439400,238,11.6,3.8,Bardoli
20,05-06-2024,25.3,55,437,361,126,936,1052,38.1,10.6,234,5.6,28.9,0,0,1001,65,1006,359,1274,10048,8305,8263,33.2,1717525800,234,10.4,3.6,Bardoli
23,06-06-2024,24,55,437,361,126,936,1052,38.9,10.8,244,4.8,29.6,0,0,1002,59,1007,358,1274,10048,8306,8241,33.7,1717612200,244,9.2,3.6,Bardoli
48,07-06-2024,24.6,55,437,361,126,935,1052,39.6,11.7,256,5.6,30,0.5,0.5,1000,61,1005,357,1274,10048,8307,8218,33.7,1717698600,256,10,3.4,Bardoli
48,08-06-2024,24.4,55,437,361,126,935,1051,38.5,5.8,247,4.8,28.9,1.5,1.5,999,63,1004,246,1274,10048,8307,5665,33,1717785000,247,9.2,3,Bardoli
64,09-06-2024,24.5,55,437,361,126,935,1051,39.6,4.9,235,6,28.5,19.8,19.8,998,62,1003,208,1274,10048,8307,4790,33.3,1717871400,235,10.8,3.9,Bardoli
97,10-06-2024,24.8,55,437,361,126,935,1051,36.3,3.8,226,5.2,27.8,12.5,12.5,1000,70,1005,124,1274,10047,8307,2856,31.4,1717957800,226,10,3.9,Bardoli
46,11-06-2024,24.7,55,437,361,126,934,1050,37,11.1,233,5.6,28.9,0,0,1000,66,1005,346,1274,10047,8307,7958,32.5,1718044200,233,10.8,4.3,Bardoli
24,12-06-2024,24.3,55,437,361,126,934,1050,37.4,11,232,5.6,29.6,0,0,1001,63,1006,358,1274,10046,8307,8243,32.8,1718130600,232,11.2,4.7,Bardoli
31,13-06-2024,25.6,55,437,361,126,934,1050,35.6,10.7,233,5.6,28.9,0,0,1000,70,1005,357,1274,10045,8307,8213,32,1718217000,233,10.8,4.4,Bardoli
49,14-06-2024,25,55,437,361,126,934,1050,35.6,8.9,222,5.6,28.5,0,0,1000,70,1005,339,1274,10044,8306,7789,31.5,1718303400,222,10.8,4.6,Bardoli
42,15-06-2024,25.2,55,437,361,126,934,1049,35.6,9.3,221,5.2,28.9,4.5,4.5,999,69,1004,341,1274,10043,8306,7849,31.8,1718389800,221,9.6,4.1,Bardoli
47,16-06-2024,25.5,55,437,361,126,934,1049,35.9,8.4,226,4.8,28.5,2,2,1000,70,1005,350,1273,10041,8305,8060,31.9,1718476200,226,9.2,3.9,Bardoli
62,17-06-2024,25.6,55,437,361,126,933,1049,36.3,10.1,221,6,29.6,0,0,1000,69,1005,347,1273,10040,8304,7979,32.3,1718562600,221,10.4,4.3,Bardoli
72,18-06-2024,25.9,55,436,361,126,933,1049,34.8,6,210,6.8,27.8,3.3,3.3,999,76,1005,248,1273,10038,8304,5707,30.8,1718649000,210,11.6,4.5,Bardoli
84,19-06-2024,25.6,55,436,361,126,933,1048,33.3,6,211,6.8,27.8,0,0,997,77,1002,224,1273,10036,8303,5155,30.1,1718735400,211,13.6,5.4,Bardoli
87,20-06-2024,26.2,55,436,361,126,933,1048,33,3.8,198,6,27.4,0.3,0.3,996,82,1001,96,1273,10034,8302,2209,29.7,1718821800,198,12,4.8,Bardoli
70,21-06-2024,26.6,55,436,361,126,933,1048,34.1,9.5,220,6.4,28.9,0,0,997,78,1002,318,1272,10032,8300,7323,30.9,1718908200,220,12,5,Bardoli
63,22-06-2024,26,55,436,361,126,933,1048,34.8,10.9,227,4.8,27.8,2.3,2.3,996,76,1001,320,1272,10030,8299,7366,30.9,1718994600,227,9.6,3.8,Bardoli
94,23-06-2024,26.8,55,436,361,126,933,1048,30.7,3.7,209,4,27.8,20.8,20.8,995,87,1000,73,1272,10027,8298,1669,29.2,1719081000,209,7.2,3.2,Bardoli
95,24-06-2024,26.2,55,436,361,126,932,1048,33.3,4.1,204,3.2,26.3,32.5,32.5,994,84,999,108,1272,10025,8296,2485,29.3,1719167400,204,6.4,2.5,Bardoli
95,25-06-2024,26.2,55,436,361,126,932,1047,34.4,4,195,3.2,27.4,5.8,5.8,992,78,998,135,1271,10022,8295,3116,30.5,1719253800,195,7.6,2.1,Bardoli
67,26-06-2024,26.6,55,436,361,126,932,1047,35.2,5.4,194,4.8,28.5,4.3,4.3,992,77,997,275,1271,10019,8293,6324,31.3,1719340200,194,8.8,2.9,Bardoli
96,27-06-2024,25.9,55,435,360,126,932,1047,33,5.7,174,6.4,28.1,1.5,1.5,994,78,999,135,1271,10016,8291,3109,30.2,1719426600,174,12.8,4.8,Bardoli
100,28-06-2024,25.8,55,435,360,126,932,1047,30.7,3.7,190,7.6,26.7,20.8,20.8,995,86,1000,69,1270,10013,8289,1582,28.4,1719513000,190,12,4.9,Bardoli
100,29-06-2024,26.2,55,435,360,126,932,1047,30.4,3.7,204,7.2,27,17,17,996,89,1001,65,1270,10009,8287,1500,28.3,1719599400,204,13.2,5.4,Bardoli
100,30-06-2024,26.3,55,435,360,126,932,1047,29.3,3.7,201,4.8,26.7,50.8,50.8,997,93,1002,40,1270,10006,8285,921,27.5,1719685800,201,10.8,4.1,Bardoli
99,01-07-2024,25.9,55,435,360,126,932,1047,28.5,3.7,210,8,26.7,55,55,995,91,1000,63,1269,10002,8283,1444,27.5,1719772200,210,13.6,6.7,Bardoli
99,02-07-2024,25.9,55,435,360,126,932,1047,31.1,4,223,9.2,25.9,61.5,61.5,994,88,999,86,1269,9999,8280,1979,28.1,1719858600,223,16.8,7.4,Bardoli
89,03-07-2024,26.7,55,435,360,126,932,1047,31.9,6.5,223,7.6,27.8,0.3,0.3,996,86,1001,229,1268,9995,8278,5259,29.3,1719945000,223,13.6,6.3,Bardoli
99,04-07-2024,26.8,55,434,360,126,932,1047,31.5,4.1,218,6,27.4,7.3,7.3,997,88,1002,84,1268,9991,8275,1931,29,1720031400,218,12.4,5.1,Bardoli
99,05-07-2024,26.1,55,434,360,126,932,1047,29.3,3.7,215,6,26.7,59.8,59.8,995,91,1000,66,1268,9987,8272,1507,27.8,1720117800,215,12.4,5,Bardoli
100,06-07-2024,26,55,434,360,126,932,1047,30.4,3.8,217,7.2,27,9.5,9.5,994,86,999,68,1267,9982,8270,1563,28.6,1720204200,217,13.6,5.4,Bardoli
94,07-07-2024,26.3,55,434,359,126,932,1047,32.2,3.7,227,7.2,27.4,0,0,995,82,1000,117,1267,9978,8267,2685,29.7,1720290600,227,13.6,5.3,Bardoli
99,08-07-2024,26.3,55,434,359,126,932,1047,30.7,3.7,211,4,27,6.5,6.5,996,86,1001,78,1266,9973,8263,1793,28.9,1720377000,211,7.2,2.9,Bardoli
90,09-07-2024,25.9,55,433,359,126,932,1047,31.5,3.8,213,4.8,26.7,8.3,8.3,997,84,1002,118,1266,9969,8260,2703,29,1720463400,213,8.4,3.6,Bardoli
78,10-07-2024,25.7,55,433,359,126,932,1047,31.1,8,207,5.6,26.3,2,2,1000,85,1005,282,1265,9964,8257,6487,28.5,1720549800,207,10.4,4.5,Bardoli
99,11-07-2024,26.1,55,433,359,126,932,1047,30.4,4,212,5.2,27,1.8,1.8,999,88,1004,82,1264,9959,8253,1878,28.3,1720636200,212,10,4.5,Bardoli
99,12-07-2024,26,55,433,359,126,932,1047,30.4,4.2,222,6,26.7,36.8,36.8,997,90,1002,76,1264,9954,8249,1744,27.8,1720722600,222,10.8,5,Bardoli
99,13-07-2024,25.9,55,433,359,126,932,1048,29.3,3.9,231,5.2,26.3,47.5,47.5,996,90,1001,67,1263,9949,8246,1552,27.7,1720809000,231,10.4,3.9,Bardoli
87,14-07-2024,26.5,55,432,358,126,933,1048,32.2,5.5,218,4,26.7,2.3,2.3,995,86,1000,197,1263,9943,8241,4542,29.1,1720895400,218,8.4,2.8,Bardoli
98,15-07-2024,26.5,55,432,358,126,933,1048,31.1,3.9,240,3.6,27,37.3,37.3,995,88,1000,84,1262,9938,8237,1928,28.7,1720981800,240,6.4,2.4,Bardoli
98,16-07-2024,26.4,55,432,358,126,933,1048,30.4,3.7,206,4,26.7,10.3,10.3,994,91,999,64,1261,9932,8233,1464,28.1,1721068200,206,6,2.6,Bardoli
96,17-07-2024,25.9,55,432,358,126,933,1048,30.7,5.4,199,6,26.3,2.5,2.5,995,86,1000,138,1261,9926,8228,3180,28.5,1721154600,199,10.8,4.5,Bardoli
95,18-07-2024,26.2,55,431,358,126,933,1048,30.7,4,204,6.4,26.7,3.3,3.3,995,89,1000,104,1260,9920,8224,2383,28.2,1721241000,204,10.8,4.6,Bardoli
94,19-07-2024,26.1,55,431,357,126,933,1048,29.6,5.3,198,7.2,26.7,14.3,14.3,993,90,998,134,1259,9914,8219,3072,27.9,1721327400,198,14,5.2,Bardoli
100,20-07-2024,26.3,55,431,357,126,933,1048,30.4,3.7,201,6,26.7,4.5,4.5,994,91,1000,58,1259,9908,8213,1323,27.9,1721413800,201,11.2,4.9,Bardoli
100,21-07-2024,26.4,55,430,357,126,933,1048,30.4,3.8,211,6,26.7,36,36,995,91,1000,69,1258,9901,8208,1578,28,1721500200,211,9.2,4.6,Bardoli
100,22-07-2024,25.8,55,430,357,126,933,1048,27.4,3.7,211,7.6,25.9,47.5,47.5,996,95,1001,36,1257,9895,8202,820,26.8,1721586600,211,14.4,5.1,Bardoli
100,23-07-2024,26.1,55,430,356,126,934,1048,27.4,3.7,231,6.4,26.3,83.5,83.5,997,96,1002,36,1257,9888,8197,834,26.9,1721673000,231,12,5.4,Bardoli
100,24-07-2024,25.9,55,430,356,126,934,1049,28.5,3.7,239,6.4,25.6,105.5,105.5,994,95,1000,43,1256,9881,8191,997,26.8,1721759400,239,11.6,5,Bardoli
100,25-07-2024,25.5,55,429,356,126,934,1049,29.3,3.7,246,6.8,25.9,5,5,994,92,999,64,1255,9874,8184,1476,27.1,1721845800,246,14,5,Bardoli
98,26-07-2024,26,55,429,356,126,934,1049,29.6,4.6,239,6.8,26.7,54.8,54.8,995,89,1000,100,1254,9867,8178,2310,27.9,1721932200,239,15.2,5.8,Bardoli
97,27-07-2024,25.9,54,429,355,126,934,1049,29.3,3.7,240,6,27,11.5,11.5,996,90,1001,74,1253,9860,8171,1713,27.7,1722018600,240,11.2,4.7,Bardoli
100,28-07-2024,25.9,54,428,355,126,934,1049,30,3.7,240,6,26.7,34.5,34.5,994,89,999,74,1252,9852,8164,1707,27.9,1722105000,240,10,4.3,Bardoli
100,29-07-2024,25.6,54,428,355,126,935,1049,27.4,3.8,223,6,26.3,45.8,45.8,993,94,998,45,1251,9844,8157,1027,26.7,1722191400,223,11.2,4.3,Bardoli
90,30-07-2024,26.2,54,428,354,126,935,1049,29.6,4.9,216,6,26.3,1.8,1.8,996,92,1001,168,1251,9836,8149,3871,27.7,1722277800,216,10.8,4.4,Bardoli
85,31-07-2024,26,54,427,354,126,935,1049,30.7,6.5,226,6.4,26.3,0,0,999,88,1004,175,1250,9828,8141,4032,28.2,1722364200,226,12.4,4.7,Bardoli
100,01-08-2024,25.5,54,427,354,126,935,1049,29.3,3.7,230,7.2,25.9,7.8,7.8,998,89,1003,63,1249,9820,8133,1439,27.4,1722450600,230,12.4,5.2,Bardoli
99,02-08-2024,25.4,54,427,353,126,935,1049,30,3.8,231,7.2,26.3,23.8,23.8,997,90,1002,81,1248,9811,8124,1865,27.2,1722537000,231,12.8,5.9,Bardoli
100,03-08-2024,25.9,54,426,353,126,936,1049,28.5,3.7,230,7.2,25.6,59,59,997,95,1002,41,1247,9803,8116,954,26.7,1722623400,230,13.6,5.5,Bardoli
100,04-08-2024,25.7,54,426,352,126,936,1049,27.4,3.7,236,5.6,25.9,47,47,998,95,1003,35,1245,9794,8106,811,26.6,1722709800,236,10,4.7,Bardoli
97,05-08-2024,25.3,54,425,352,126,936,1049,29.6,4.1,223,6.8,25.9,7,7,999,89,1004,92,1244,9785,8097,2112,27.3,1722796200,223,13.6,5.6,Bardoli
86,06-08-2024,25.3,54,425,352,126,936,1049,29.3,6.8,229,6.8,25.6,0.3,0.3,1000,89,1005,217,1243,9775,8087,4983,27.2,1722882600,229,14,5,Bardoli
87,07-08-2024,25.2,54,425,351,126,936,1048,30.4,4.6,239,6,25.6,0,0,1000,86,1005,166,1242,9766,8077,3814,27.8,1722969000,239,11.6,4.7,Bardoli
94,08-08-2024,25,54,424,351,126,937,1048,29.3,3.7,232,5.2,25.9,5.5,5.5,1001,87,1006,78,1241,9756,8067,1803,27.4,1723055400,232,9.6,4.2,Bardoli
99,09-08-2024,25.3,54,424,350,126,937,1048,30.4,3.8,225,4.8,25.9,2.8,2.8,1002,88,1007,77,1240,9746,8056,1781,27.4,1723141800,225,10,3.8,Bardoli
98,10-08-2024,25.5,54,423,350,126,937,1048,29.3,4.6,232,5.2,25.9,14.5,14.5,1002,90,1007,88,1238,9736,8045,2016,27.3,1723228200,232,10,3.9,Bardoli
86,11-08-2024,25.2,54,423,349,126,937,1048,30.4,5,234,6.8,25.9,4.3,4.3,1000,87,1005,221,1237,9726,8033,5072,27.5,1723314600,234,12,4.5,Bardoli
93,12-08-2024,25.2,54,422,349,126,937,1047,28.9,3.8,227,5.6,25.6,12,12,1000,90,1005,67,1236,9715,8021,1535,27,1723401000,227,10.8,3.9,Bardoli
74,13-08-2024,25.4,54,422,348,126,938,1047,31.5,5.6,220,4.8,25.6,2.3,2.3,1001,86,1006,191,1235,9704,8009,4384,28,1723487400,220,8.8,3.8,Bardoli
91,14-08-2024,25.6,54,421,348,126,938,1047,31.5,6.9,219,4.4,25.9,0,0,1001,85,1006,170,1233,9693,7996,3918,28.5,1723573800,219,7.6,3.1,Bardoli
92,15-08-2024,25.3,54,421,347,126,938,1046,32.2,4.7,224,4.4,26.3,0,0,1000,82,1005,128,1232,9682,7983,2952,28.7,1723660200,224,8,3,Bardoli
97,16-08-2024,25.6,53,420,347,126,938,1046,31.9,4.1,221,4.4,26.3,1.8,1.8,999,84,1004,117,1230,9670,7970,2693,28.6,1723746600,221,9.6,3.5,Bardoli
99,17-08-2024,25.7,53,420,346,126,938,1045,32.2,3.8,221,4,25.9,0,0,1000,84,1006,86,1229,9658,7956,1984,28.9,1723833000,221,7.6,2.7,Bardoli
96,18-08-2024,25.5,53,419,345,126,939,1045,32.6,3.7,237,2.4,26.7,0.3,0.3,1001,81,1007,115,1227,9646,7942,2639,29.3,1723919400,237,5.6,1.8,Bardoli
95,19-08-2024,25.8,53,419,345,126,939,1044,33.3,4,248,2.8,27,2.3,2.3,1000,79,1006,108,1226,9634,7927,2482,29.9,1724005800,248,5.6,1.4,Bardoli
97,20-08-2024,26.2,53,418,344,126,939,1044,32.6,4.8,237,2.8,26.7,27.3,27.3,1000,86,1005,125,1224,9621,7912,2876,28.8,1724092200,237,6.4,1.8,Bardoli
98,21-08-2024,25.7,53,418,343,126,939,1043,31.9,3.7,227,2,25.2,25.3,25.3,1001,87,1006,107,1223,9608,7896,2463,28.2,1724178600,227,5.2,1.3,Bardoli
97,22-08-2024,26.6,53,417,343,126,939,1042,34.1,3.7,224,2.8,27,34.3,34.3,1000,84,1005,99,1221,9594,7880,2278,29.6,1724265000,224,5.6,1.4,Bardoli
100,23-08-2024,26.1,53,417,342,126,939,1042,30.4,3.6,197,3.2,25.6,36.3,36.3,1000,91,1005,55,1219,9581,7864,1262,27.7,1724351400,197,5.6,1.7,Bardoli
100,24-08-2024,25.2,53,416,341,126,940,1041,27.4,3.8,235,4.4,25.6,80.8,80.8,1000,95,1005,49,1217,9567,7847,1136,26.2,1724437800,235,8.4,2.9,Bardoli
100,25-08-2024,24.8,53,415,340,126,940,1040,26.7,3.6,253,6.4,25.2,76.5,76.5,997,93,1003,42,1215,9552,7830,966,26,1724524200,253,14.8,5.4,Bardoli
100,26-08-2024,24.9,53,415,340,126,940,1039,27.8,3.6,236,6.8,25.2,33,33,995,92,1000,42,1214,9537,7812,966,26.2,1724610600,236,14.4,6.1,Bardoli
100,27-08-2024,24.9,53,414,339,126,940,1038,27.8,3.6,203,8,25.2,4,4,997,92,1002,52,1212,9522,7794,1193,26.3,1724697000,203,16,6.6,Bardoli
97,28-08-2024,25.2,53,413,338,126,940,1037,29.3,4.2,207,8.4,25.2,8.5,8.5,998,90,1003,86,1210,9506,7775,1967,27,1724783400,207,14.8,6.4,Bardoli
89,29-08-2024,25.2,53,413,337,126,940,1036,30.4,5.8,206,7.2,25.9,2.8,2.8,998,89,1003,148,1208,9490,7756,3395,27.3,1724869800,206,16,5.8,Bardoli
60,30-08-2024,25.1,52,412,336,126,940,1035,31.5,6.1,200,6,25.9,1,1,1000,82,1005,288,1206,9474,7736,6630,28.5,1724956200,200,11.6,4.5,Bardoli
72,31-08-2024,25.2,52,411,335,126,941,1034,31.9,7.5,219,3.2,25.6,0,0,1002,83,1007,211,1203,9457,7716,4843,28.4,1725042600,219,6.4,2.5,Bardoli
97,01-09-2024,25.2,52,410,335,126,941,1033,32.6,4.3,241,4.4,25.6,7.3,7.3,1001,82,1006,128,1201,9440,7696,2944,28.8,1725129000,241,8,2.8,Bardoli
100,02-09-2024,25.5,52,410,334,126,941,1032,27.4,3.5,267,4,25.2,88.8,88.8,1000,93,1005,37,1199,9422,7675,842,26.7,1725215400,267,8,2.9,Bardoli
100,03-09-2024,25.2,52,409,333,126,941,1030,28.1,3.5,244,3.2,25.2,49,49,1000,92,1005,48,1197,9404,7654,1103,26.6,1725301800,244,6.8,2.7,Bardoli
99,04-09-2024,25.4,52,408,332,126,941,1029,30.4,3.5,226,5.2,25.6,11.8,11.8,1001,88,1006,69,1194,9385,7632,1588,27.6,1725388200,226,11.2,3.7,Bardoli
96,05-09-2024,25.6,52,407,331,126,941,1028,30.4,3.7,233,5.2,25.6,8,8,999,91,1004,84,1192,9366,7610,1935,27.3,1725474600,233,10,3.7,Bardoli
92,06-09-2024,25.3,52,406,330,126,941,1026,29.3,5.6,237,4.8,25.6,6.5,6.5,1000,90,1006,140,1189,9346,7587,3211,27.1,1725561000,237,10,3.4,Bardoli
53,07-09-2024,25.1,52,405,329,126,941,1025,30.4,7.9,235,4.4,25.2,5.3,5.3,1001,86,1006,312,1187,9326,7564,7173,27.8,1725647400,235,8.8,3.2,Bardoli
58,08-09-2024,25.5,51,405,328,126,941,1023,31.5,7.5,229,4,25.9,3.3,3.3,1001,86,1007,273,1184,9305,7541,6285,28.1,1725733800,229,8.4,3.2,Bardoli
92,09-09-2024,25.6,51,404,327,126,941,1021,31.5,4.8,238,4,25.9,10.3,10.3,999,86,1004,118,1181,9284,7517,2711,28.3,1725820200,238,8,3,Bardoli
96,10-09-2024,25.4,51,403,326,126,941,1020,30.4,4.4,230,4,25.9,40.3,40.3,998,87,1003,87,1178,9262,7492,1997,27.8,1725906600,230,8,3.1,Bardoli
98,11-09-2024,25.2,51,402,325,126,941,1018,29.6,3.7,230,4,25.6,11.5,11.5,999,88,1004,74,1176,9240,7468,1693,27.4,1725993000,230,8.4,3.5,Bardoli
94,12-09-2024,24.5,51,401,324,126,941,1016,30.4,3.8,226,5.2,25.6,3.5,3.5,1001,84,1006,109,1173,9218,7442,2501,27.7,1726079400,226,10,4,Bardoli
53,13-09-2024,24.7,51,400,322,126,941,1014,31.5,6.8,223,5.2,25.9,0,0,1002,83,1007,299,1170,9194,7417,6874,27.9,1726165800,223,12,3.9,Bardoli
52,14-09-2024,23.9,51,399,321,126,941,1012,30.4,7.6,215,5.2,24.4,4.8,4.8,1001,83,1006,237,1166,9171,7391,5459,27.2,1726252200,215,10.8,3.8,Bardoli
55,15-09-2024,24.4,51,398,320,126,941,1010,30.4,7.3,225,4,24.1,0,0,1002,86,1007,295,1163,9147,7365,6781,27.1,1726338600,225,9.6,3,Bardoli
29,16-09-2024,23.6,50,397,319,126,941,1008,32.6,9.5,250,4,24.8,0,0,1003,78,1008,313,1160,9123,7338,7199,28.2,1726425000,250,7.6,2.4,Bardoli
27,17-09-2024,23.8,50,396,318,126,941,1006,32.6,7.9,254,3.6,25.2,0,0,1003,78,1008,311,1157,9098,7311,7146,28.3,1726511400,254,6.8,2.4,Bardoli
73,18-09-2024,24.1,50,395,317,126,941,1004,31.9,4.2,236,4,25.2,0.8,0.8,1001,81,1006,161,1153,9074,7284,3694,27.9,1726597800,236,7.2,2.5,Bardoli
34,19-09-2024,24.9,50,393,316,126,941,1002,33,6.9,226,3.6,25.9,5,5,1002,80,1007,289,1149,9050,7257,6649,28.8,1726684200,226,7.6,2.8,Bardoli
34,20-09-2024,24.6,50,392,314,125,941,999,32.6,7.8,228,4,26.3,0,0,1002,79,1007,265,1146,9026,7229,6089,28.9,1726770600,228,7.6,2.9,Bardoli
31,21-09-2024,24.8,50,391,313,125,941,997,32.6,6.6,239,3.6,25.9,4.5,4.5,1003,79,1008,295,1142,9004,7201,6779,29,1726857000,239,6.8,2.7,Bardoli
66,22-09-2024,25.7,49,391,312,125,941,995,32.6,6.3,251,3.2,25.9,0.3,0.3,1002,83,1007,226,1138,8982,7172,5206,28.9,1726943400,251,6,2.1,Bardoli
99,23-09-2024,26.2,49,390,311,125,941,992,33,3.2,259,3.2,27,6.8,6.8,1001,82,1006,74,1134,8963,7144,1705,29.8,1727029800,259,6.4,2,Bardoli
97,24-09-2024,26.3,49,389,309,125,941,990,31.9,4.3,240,4,26.7,36.3,36.3,1000,89,1005,119,1130,8948,7115,2734,28.4,1727116200,240,6.4,1.9,Bardoli
99,25-09-2024,25.8,49,389,308,125,941,987,30.7,3.4,240,2.8,24.4,53.8,53.8,999,92,1004,73,1125,8936,7087,1672,27.3,1727202600,240,6.4,1.6,Bardoli
100,26-09-2024,25.3,49,388,307,125,940,984,27.8,3.2,160,2,24.4,42.5,42.5,998,97,1003,31,1122,8925,7058,706,25.9,1727289000,160,6,1.2,Bardoli
100,27-09-2024,25,49,388,306,125,940,982,28.9,3.2,163,2,24.8,93.3,93.3,998,93,1003,50,1119,8915,7029,1159,26.2,1727375400,163,6.4,1.3,Bardoli
100,28-09-2024,25.2,49,387,304,125,940,979,27.4,3.2,213,2.8,24.4,32,32,1001,96,1006,30,1118,8904,7000,700,25.9,1727461800,213,8,2,Bardoli
84,29-09-2024,25,49,387,303,125,940,976,29.6,3.1,207,2.8,25.2,0,0,1004,91,1009,66,1116,8894,6970,1518,26.5,1727548200,207,6.4,1.8,Bardoli
45,30-09-2024,25.4,48,386,302,125,940,973,31.9,6.9,262,2.4,24.8,0,0,1005,87,1010,249,1114,8882,6940,5728,28,1727634600,262,5.6,1.4,Bardoli
40,01-10-2024,26.8,48,386,300,125,939,970,33.3,6.4,238,2.4,25.9,0,0,1003,86,1008,275,1112,8871,6909,6316,29.4,1727721000,238,5.6,1.4,Bardoli
61,02-10-2024,27,48,385,299,124,939,967,34.1,7.1,232,2.8,27,4.8,4.8,1003,86,1008,244,1110,8859,6878,5617,29.8,1727807400,232,6,1.7,Bardoli
38,03-10-2024,26.6,48,385,298,124,939,964,33,6,223,3.6,27.4,0,0,1003,85,1008,265,1107,8847,6847,6092,29.5,1727893800,223,6.8,2.5,Bardoli
44,04-10-2024,25.7,48,384,296,124,939,961,32.2,5.6,224,3.6,26.3,0,0,1004,84,1009,249,1105,8835,6816,5723,28.9,1727980200,224,6.8,2.4,Bardoli
26,05-10-2024,24.8,48,384,295,124,938,958,33,7.7,224,2.4,25.6,0,0,1004,80,1009,286,1103,8823,6784,6587,29,1728066600,224,4.4,1.5,Bardoli
20,06-10-2024,24.8,48,383,294,124,938,955,33.7,8.4,70,3.2,25.6,0,0,1005,78,1010,291,1101,8810,6752,6692,29.3,1728153000,70,6.4,1.7,Bardoli
20,07-10-2024,23.8,48,382,292,124,938,952,35.9,9.1,60,3.6,25.9,0,0,1006,69,1011,292,1099,8797,6720,6711,30.8,1728239400,60,7.6,2.6,Bardoli
12,08-10-2024,23.3,48,382,291,124,937,949,35.9,8.8,75,2.8,26.3,0,0,1006,67,1011,289,1097,8783,6687,6637,30.8,1728325800,75,6.4,2.3,Bardoli
61,09-10-2024,23.8,48,381,289,124,937,945,34.4,4,110,2.4,26.3,15.3,15.3,1004,71,1009,153,1094,8770,6654,3513,29.9,1728412200,110,6,1.6,Bardoli
88,10-10-2024,24.4,47,381,288,124,937,942,32.2,3,100,3.6,25.9,44.5,44.5,1003,78,1008,94,1092,8756,6621,2171,28.7,1728498600,100,8.4,2.4,Bardoli
97,11-10-2024,25.1,47,380,286,123,936,939,31.9,2.9,62,3.2,25.6,10.8,10.8,1002,82,1008,68,1090,8742,6588,1575,28.5,1728585000,62,8.4,2.4,Bardoli
90,12-10-2024,24.7,47,379,285,123,936,935,33,3.1,91,4,25.6,4.5,4.5,1003,79,1008,91,1087,8728,6555,2096,28.8,1728671400,91,8,2.2,Bardoli
55,13-10-2024,25.4,47,379,284,123,936,932,33.7,7.9,138,2,25.9,26,26,1004,82,1009,276,1085,8713,6521,6337,28.9,1728757800,138,6.8,1.3,Bardoli
73,14-10-2024,25,47,378,282,123,935,928,33.7,7.2,146,2.8,25.2,2.3,2.3,1005,80,1010,259,1082,8698,6487,5956,29,1728844200,146,5.6,1.8,Bardoli
96,15-10-2024,25.4,47,378,281,123,935,925,34.4,3.5,113,2.4,25.9,3.3,3.3,1004,79,1010,113,1080,8683,6454,2589,29.7,1728930600,113,6,1.3,Bardoli
47,16-10-2024,26,47,377,279,123,935,921,34.4,6.2,163,2,26.7,12.5,12.5,1004,80,1009,268,1078,8668,6420,6163,30,1729017000,163,4.8,1.1,Bardoli
73,17-10-2024,26,47,376,278,123,934,918,34.8,4.3,109,2,26.7,2.3,2.3,1003,77,1008,151,1075,8652,6386,3481,30.8,1729103400,109,6,1.4,Bardoli
88,18-10-2024,25.9,47,376,276,122,934,914,35.6,3.1,101,3.2,26.7,27.5,27.5,1003,78,1008,116,1073,8637,6351,2679,30.4,1729189800,101,7.6,2.1,Bardoli
90,19-10-2024,25,47,375,275,122,933,911,33.7,5.6,145,2,25.6,18.5,18.5,1005,82,1010,161,1070,8621,6317,3704,28.5,1729276200,145,5.6,1.3,Bardoli
76,20-10-2024,24.8,46,374,273,122,933,907,32.2,5.7,179,2.4,24.4,0.3,0.3,1006,83,1011,214,1067,8605,6283,4928,28.2,1729362600,179,5.2,1.3,Bardoli
57,21-10-2024,25.1,46,373,272,122,932,904,33,6.6,101,1.6,26.7,17.8,17.8,1006,82,1011,219,1065,8588,6249,5041,28.6,1729449000,101,4.4,1,Bardoli
31,22-10-2024,24.7,46,373,270,122,932,900,33.7,7.4,82,2.4,25.6,2.5,2.5,1006,78,1011,264,1062,8572,6214,6077,29,1729535400,82,4,1.4,Bardoli
11,23-10-2024,24.5,46,372,269,122,931,896,34.4,7.7,66,2.4,25.9,0,0,1006,75,1011,268,1060,8555,6180,6156,29.8,1729621800,66,5.6,1.8,Bardoli
23,24-10-2024,23.3,46,371,267,122,931,893,34.8,5.9,140,1.6,25.2,0,0,1005,72,1011,249,1057,8539,6146,5726,29.6,1729708200,140,5.6,1.2,Bardoli
35,25-10-2024,21.5,46,371,266,121,930,889,34.8,4.8,90,2.4,23.7,0,0,1005,69,1011,221,1055,8522,6112,5073,28.7,1729794600,90,4.8,1.7,Bardoli
20,26-10-2024,21.6,46,370,264,121,930,885,35.2,8.3,182,2,22.6,0,0,1006,72,1011,262,1052,8505,6077,6022,28.1,1729881000,182,4.4,1.5,Bardoli
19,27-10-2024,22.2,46,369,263,121,929,882,34.8,7.8,213,2.8,23,0,0,1004,73,1009,259,1049,8487,6043,5964,28.3,1729967400,213,6,1.5,Bardoli
14,28-10-2024,23.4,46,368,261,121,929,878,35.2,8.2,226,2,22.6,0,0,1002,77,1007,259,1047,8470,6009,5957,28.5,1730053800,226,4.4,1.4,Bardoli
42,29-10-2024,24.3,45,368,260,121,928,874,34.8,6,235,2,24.4,0,0,1004,77,1009,241,1044,8453,5976,5554,29.2,1730140200,235,4.4,1.5,Bardoli
30,30-10-2024,24,45,367,258,121,928,871,35.6,7.9,96,2.4,25.6,0,0,1005,75,1010,255,1041,8435,5942,5875,29.7,1730226600,96,5.2,1.3,Bardoli
0,31-10-2024,20.7,45,366,257,121,927,867,35.9,8,68,4,23.7,0,0,1006,65,1011,257,1039,8418,5908,5908,29.1,1730313000,68,8,2.5,Bardoli
0,01-11-2024,20.1,45,365,255,120,926,864,35.9,7.9,54,2.8,22.2,0,0,1007,65,1012,255,1036,8400,5875,5875,28.5,1730399400,54,6,2.2,Bardoli
0,02-11-2024,19.5,45,364,254,120,926,860,35.6,7.8,54,2.4,21.9,0,0,1007,64,1013,254,1033,8383,5842,5842,28.3,1730485800,54,5.2,1.9,Bardoli
1,03-11-2024,20.3,45,364,253,120,925,856,35.6,7.8,60,2.8,22.6,0,0,1007,65,1013,253,1031,8365,5809,5808,28.5,1730572200,60,6.4,2.1,Bardoli
0,04-11-2024,19.6,45,363,251,120,925,853,35.2,7.7,51,2.4,22.6,0,0,1007,62,1012,251,1028,8348,5777,5777,28.6,1730658600,51,6,1.8,Bardoli
0,05-11-2024,18.9,45,362,250,120,924,849,35.9,7.7,72,2.8,22.6,0,0,1007,61,1012,250,1025,8330,5744,5744,28.7,1730745000,72,6,2.3,Bardoli
0,06-11-2024,18.2,44,361,248,120,924,846,35.9,7.6,64,2.8,22.2,0,0,1008,59,1013,248,1023,8312,5712,5712,28.5,1730831400,64,6,1.9,Bardoli
0,07-11-2024,18.1,44,361,247,119,923,842,35.6,7.5,77,3.2,21.5,0,0,1008,60,1013,247,1020,8295,5681,5681,28,1730917800,77,6.8,2.2,Bardoli
0,08-11-2024,18.8,44,360,246,119,922,839,35.2,7.5,72,2.4,21.5,0,0,1008,61,1013,246,1018,8278,5649,5649,28,1731004200,72,6.4,2,Bardoli
5,09-11-2024,17.7,44,359,244,119,922,835,35.2,7.4,73,2.4,21.5,0,0,1007,57,1013,244,1015,8260,5618,5613,28.1,1731090600,73,6,1.8,Bardoli
0,10-11-2024,16.9,44,358,243,119,921,832,34.8,7.4,78,3.6,21.1,0,0,1008,57,1013,243,1012,8243,5588,5588,27.5,1731177000,78,7.2,2.2,Bardoli
0,11-11-2024,16.4,44,358,242,119,921,829,34.8,7.3,81,4,20.4,0,0,1008,58,1013,242,1010,8226,5557,5557,27.1,1731263400,81,8.4,2.4,Bardoli
0,12-11-2024,16.7,44,357,240,119,920,825,34.4,7.3,78,4,20.4,0,0,1007,58,1012,240,1007,8209,5528,5528,26.8,1731349800,78,8.8,2.8,Bardoli
0,13-11-2024,15.3,44,356,239,118,920,822,33.7,7.2,78,4.8,20.7,0,0,1006,53,1011,239,1005,8192,5498,5498,26.9,1731436200,78,10,3.5,Bardoli
0,14-11-2024,15.3,44,355,238,118,919,819,34.4,7.2,77,4.4,21.9,0,0,1007,50,1012,238,1003,8176,5470,5470,27.6,1731522600,77,9.2,3,Bardoli
31,15-11-2024,16.9,43,355,237,118,918,816,34.4,5.2,150,2.8,21.9,0,0,1007,54,1013,231,1000,8159,5441,5316,27.7,1731609000,150,6.4,2.1,Bardoli
9,16-11-2024,18.3,43,354,235,118,918,813,33.7,7.1,64,2.8,22.2,0,0,1007,59,1012,235,998,8143,5413,5413,27.7,1731695400,64,6.8,2.1,Bardoli
6,17-11-2024,17.4,43,353,234,118,917,810,33.7,6.9,66,4,23.3,0,0,1007,55,1012,234,995,8127,5386,5386,28,1731781800,66,9.2,3.1,Bardoli
0,18-11-2024,14.8,43,353,233,118,917,807,32.6,7,70,4,21.1,0,0,1008,51,1013,233,993,8111,5359,5359,26.6,1731868200,70,8.4,3.2,Bardoli
0,19-11-2024,15.1,43,352,232,118,916,804,31.9,6.9,70,3.6,20,0,0,1009,55,1014,232,991,8096,5333,5333,25.8,1731954600,70,8,2.8,Bardoli
0,20-11-2024,15.1,43,351,231,117,916,801,31.5,6.9,65,3.6,20.4,0,0,1008,55,1013,231,989,8080,5308,5308,25.5,1732041000,65,8.4,2.7,Bardoli
0,21-11-2024,15.4,43,351,230,117,915,798,31.1,6.8,49,3.2,19.3,0,0,1008,58,1013,230,987,8065,5283,5283,25,1732127400,49,7.6,2.3,Bardoli
0,22-11-2024,15.8,43,350,229,117,915,795,31.1,6.8,55,3.6,18.5,0,0,1007,60,1012,229,984,8051,5258,5258,24.9,1732213800,55,8,2.6,Bardoli
0,23-11-2024,15.7,43,349,228,117,914,793,31.5,6.8,124,2.8,19.6,0,0,1008,59,1013,228,982,8036,5235,5235,24.9,1732300200,124,6.4,1.9,Bardoli
9,24-11-2024,16.3,43,349,227,117,914,790,31.5,6.6,63,2.8,19.3,0,0,1008,61,1013,226,980,8022,5212,5205,25.1,1732386600,63,6.8,2.2,Bardoli
7,25-11-2024,14.8,43,348,226,117,913,788,30.7,6.6,70,4.4,20.4,0,0,1008,55,1013,226,978,8009,5189,5189,25.2,1732473000,70,8.4,3.3,Bardoli
0,26-11-2024,12.5,42,348,225,117,913,785,31.5,6.6,71,4.4,18.9,0,0,1008,50,1014,225,977,7995,5167,5167,24.6,1732559400,71,9.2,3.3,Bardoli
0,27-11-2024,12.1,42,347,224,117,912,783,31.1,6.6,71,4.4,18.1,0,0,1008,50,1013,224,975,7982,5147,5147,24.4,1732645800,71,9.2,3.3,Bardoli
0,28-11-2024,12.5,42,347,223,117,912,780,30.7,6.6,70,5.6,17.4,0,0,1008,52,1013,223,973,7970,5126,5126,24,1732732200,70,11.2,3.5,Bardoli
0,29-11-2024,11.2,42,346,222,116,911,778,28.9,6.5,65,4.8,18.1,0,0,1008,49,1013,222,971,7958,5107,5107,23.5,1732818600,65,10.8,3.5,Bardoli
2,30-11-2024,11.6,42,345,221,116,911,776,28.9,6.5,57,4.4,17,0,0,1007,52,1012,221,969,7946,5088,5088,22.7,1732905000,57,9.2,3.3,Bardoli
47,01-12-2024,13.6,42,345,220,116,911,774,30,5.6,54,3.6,17.4,0,0,1005,56,1010,162,968,7934,5070,3720,23.5,1732991400,54,8.4,2.8,Bardoli
50,02-12-2024,16.5,42,344,220,116,910,772,31.5,6.4,72,4.8,20,0,0,1004,60,1009,199,966,7923,5053,4574,25.4,1733077800,72,9.6,3.4,Bardoli
54,03-12-2024,17.6,42,344,219,116,910,770,32.2,6,70,4.8,22.2,0,0,1006,57,1011,208,965,7913,5037,4787,27.2,1733164200,70,9.2,3.6,Bardoli
75,04-12-2024,18.9,42,344,218,116,910,768,31.9,5.2,63,4.4,24.4,0,0,1006,59,1012,191,963,7903,5021,4386,27.7,1733250600,63,8.4,3.1,Bardoli
28,05-12-2024,21.1,42,343,218,116,909,767,32.2,5.5,61,3.6,24.1,0,0,1007,68,1012,214,962,7893,5006,4918,27.7,1733337000,61,7.2,2.3,Bardoli
51,06-12-2024,18.6,42,343,217,116,909,765,32.2,4.2,128,2.8,22.6,0,0,1006,63,1012,173,961,7884,4992,3972,26.8,1733423400,128,6.4,2.4,Bardoli
72,07-12-2024,12,42,342,216,116,909,764,30,5.1,192,2.8,19.6,0,0,1006,49,1012,189,960,7875,4979,4358,24.4,1733509800,192,6.8,2.1,Bardoli
2,08-12-2024,11.9,42,342,216,116,909,762,29.3,6.3,184,2.8,17,0,0,1007,53,1012,216,958,7866,4967,4967,22.7,1733596200,184,6.4,2.1,Bardoli
11,09-12-2024,5.4,42,342,215,116,908,761,27.4,5.8,37,4.4,15.6,0,0,1008,39,1014,204,957,7858,4956,4691,21.2,1733682600,37,9.2,3.3,Bardoli
14,10-12-2024,7.2,42,341,215,116,908,760,27.4,5.6,53,5.6,14.4,0,0,1008,43,1014,202,956,7851,4946,4649,20.8,1733769000,53,11.6,4,Bardoli
2,11-12-2024,12,42,341,215,115,908,759,30.4,6.3,61,4,17.4,0,0,1008,50,1013,215,956,7844,4936,4935,23.2,1733855400,61,8.4,3.1,Bardoli
11,12-12-2024,13.6,42,341,214,115,908,758,29.6,6.2,65,3.6,17.4,0,0,1008,58,1013,210,955,7838,4928,4827,23,1733941800,65,6.8,2.7,Bardoli
65,13-12-2024,10.6,41,341,214,115,908,757,28.1,2.2,58,5.6,16.7,0,0,1009,51,1014,100,954,7832,4920,2310,21.9,1734028200,58,11.6,4,Bardoli
3,14-12-2024,9.8,41,340,214,115,908,756,28.5,6.2,71,5.6,16.3,0,0,1010,46,1015,214,953,7826,4913,4913,22.3,1734114600,71,10.8,4.2,Bardoli
0,15-12-2024,10.4,41,340,213,115,908,755,30.7,6.2,73,4.4,17.4,0,0,1010,47,1015,213,953,7821,4908,4908,23.2,1734201000,73,8.8,3.5,Bardoli
0,16-12-2024,10.9,41,340,213,115,907,755,31.9,6.2,92,3.6,16.3,0,0,1008,49,1014,213,952,7817,4903,4903,23.3,1734287400,92,8,2.6,Bardoli
8,17-12-2024,12.2,41,340,213,115,907,754,31.1,6.2,103,2.8,15.9,0,0,1007,55,1012,213,952,7813,4899,4888,22.9,1734373800,103,5.2,1.9,Bardoli
16,18-12-2024,12.5,41,340,213,115,907,754,32.2,6.2,161,2.8,16.3,0,0,1006,55,1011,213,951,7809,4896,4896,23.2,1734460200,161,6.4,2,Bardoli
0,19-12-2024,13.6,41,339,213,115,907,754,31.5,6.2,172,2.4,15.9,0,0,1006,60,1011,213,951,7806,4894,4894,22.8,1734546600,172,6,1.9,Bardoli
42,20-12-2024,14.4,41,339,213,115,908,754,29.3,5.1,171,2.8,16.7,0,0,1006,64,1011,152,951,7804,4893,3496,22.4,1734633000,171,5.2,1.5,Bardoli
3,21-12-2024,15.1,41,339,213,115,908,753,30.7,6.2,151,2.4,17.4,0,0,1006,63,1011,213,951,7802,4893,4893,23.2,1734719400,151,5.6,1.5,Bardoli
35,22-12-2024,17.3,41,339,213,115,908,754,27.8,4.7,210,3.6,18.1,0,0,1007,75,1012,175,951,7801,4894,4036,22.3,1734805800,210,7.2,1.8,Bardoli
85,23-12-2024,16.6,41,339,213,115,908,754,27.4,5.1,291,2.8,20,0,0,1007,68,1013,152,951,7800,4895,3503,23.1,1734892200,291,6,1.5,Bardoli
59,24-12-2024,12.7,41,339,213,115,908,754,26.3,3.7,201,3.2,18.5,0,0,1008,57,1013,110,951,7800,4898,2525,21.8,1734978600,201,7.2,2.6,Bardoli
61,25-12-2024,15.4,41,339,213,115,908,754,28.9,5,175,2.8,18.1,0,0,1009,63,1014,194,951,7800,4902,4456,23,1735065000,175,5.6,1.8,Bardoli
56,26-12-2024,19,41,339,213,115,908,755,29.6,5,141,3.2,20.7,0,0,1010,71,1015,205,951,7801,4906,4712,24.7,1735151400,141,7.6,2.1,Bardoli
29,27-12-2024,18.9,41,339,214,115,909,755,29.6,5.8,250,2.8,20.4,0,0,1010,73,1015,212,951,7803,4912,4868,24.4,1735237800,250,6,1.5,Bardoli
16,28-12-2024,17.5,41,339,214,116,909,756,28.5,5.3,343,2.8,20,0,0,1010,69,1016,213,952,7805,4919,4893,23.7,1735324200,343,6,1.9,Bardoli
2,29-12-2024,18.2,41,339,214,116,909,757,30,6.1,103,3.2,19.3,0,0,1011,71,1016,214,952,7808,4926,4926,24.1,1735410600,103,7.2,2.5,Bardoli
0,30-12-2024,18.8,41,340,215,116,909,758,31.1,6.2,147,3.6,20.4,0,0,1010,71,1016,215,953,7811,4934,4934,24.9,1735497000,147,8,2.3,Bardoli
14,31-12-2024,18.6,41,340,215,116,910,759,31.5,5.5,140,3.2,19.6,0,0,1011,70,1016,210,954,7815,4944,4820,24.8,1735583400,140,5.2,1.9,Bardoli
