clouds,datetime,dewpt,dhi,dni,ghi,max_dhi,max_dni,max_ghi,max_temp,max_temp_ts,max_uv,max_wind_dir,max_wind_spd,max_wind_spd_ts,min_temp,min_temp_ts,precip,precip_gpm,pres,revision_status,rh,slp,snow,snow_depth,solar_rad,t_dhi,t_dni,t_ghi,t_solar_rad,temp,ts,wind_dir,wind_gust_spd,wind_spd,market_name,query_lat,query_lon
0,2024-01-01,15.9,40,331,204,114,901,730,27.0,1704063600,5.8,219,2.4,1704063600,15.2,1704067200,0.0,0.0,1011,final,77,1014,0,0,204,925,7611,4703,4703,20.4,1704047400,219,4.8,1.8,Dholka,22.7212505077608,72.448905310359
1,2024-01-02,16.0,40,331,205,114,902,731,25.9,1704186000,5.9,182,2.8,1704171600,15.6,1704157200,0.0,0.0,1011,final,79,1014,0,0,205,926,7616,4714,4714,20.0,1704133800,182,5.6,2.2,Dholka,22.7212505077608,72.448905310359
1,2024-01-03,14.3,40,331,205,114,902,733,25.6,1704272400,5.5,66,3.6,1704254400,14.1,1704243600,0.0,0.0,1011,final,75,1014,0,0,205,927,7623,4726,4725,19.1,1704220200,66,6.8,2.3,Dholka,22.7212505077608,72.448905310359
0,2024-01-04,13.8,40,332,206,114,903,734,25.6,1704358800,5.9,42,4.0,1704340800,15.2,1704330000,0.0,0.0,1011,final,73,1014,0,0,206,928,7629,4738,4738,19.2,1704306600,42,7.6,3.0,Dholka,22.7212505077608,72.448905310359
15,2024-01-05,13.3,40,332,207,114,903,736,25.6,1704441600,5.9,31,4.0,1704409200,14.1,1704420000,0.0,0.0,1012,final,71,1015,0,0,202,929,7637,4752,4649,18.9,1704393000,31,6.8,2.6,Dholka,22.7212505077608,72.448905310359
1,2024-01-06,13.1,40,332,207,114,903,737,24.8,1704538800,6.0,42,4.0,1704524400,14.8,1704502800,0.0,0.0,1013,final,71,1016,0,0,207,930,7645,4767,4767,18.8,1704479400,42,8.0,3.2,Dholka,22.7212505077608,72.448905310359
11,2024-01-07,13.7,40,333,208,114,904,739,25.9,1704618000,5.6,47,4.8,1704600000,15.6,1704582000,0.0,0.0,1013,final,68,1016,0,0,208,931,7654,4782,4774,19.9,1704565800,47,9.2,3.7,Dholka,22.7212505077608,72.448905310359
37,2024-01-08,17.0,41,333,209,114,905,741,26.3,1704704400,4.7,64,3.6,1704654000,17.8,1704675600,0.0,0.0,1012,final,77,1015,0,0,199,932,7663,4798,4583,21.4,1704652200,64,6.8,3.1,Dholka,22.7212505077608,72.448905310359
24,2024-01-09,16.1,41,334,209,115,905,743,26.7,1704798000,4.7,131,4.4,1704776400,18.5,1704762000,0.0,0.0,1012,final,69,1015,0,0,208,934,7674,4816,4777,22.1,1704738600,131,8.8,3.4,Dholka,22.7212505077608,72.448905310359
5,2024-01-10,16.6,41,334,210,115,906,745,26.7,1704877200,5.7,38,4.0,1704841200,18.5,1704852000,0.0,0.0,1012,final,72,1015,0,0,210,935,7684,4834,4833,22.0,1704825000,38,7.6,2.9,Dholka,22.7212505077608,72.448905310359
0,2024-01-11,16.7,41,335,211,115,906,747,27.8,1704963600,6.1,27,3.2,1704945600,16.7,1704924000,0.0,0.0,1013,final,75,1016,0,0,211,937,7696,4853,4853,21.5,1704911400,27,6.4,2.4,Dholka,22.7212505077608,72.448905310359
1,2024-01-12,16.6,41,335,212,115,907,749,29.3,1705050000,6.1,119,2.8,1705032000,15.9,1705024800,0.0,0.0,1012,final,75,1015,0,0,212,939,7708,4872,4872,21.8,1704997800,119,6.0,2.0,Dholka,22.7212505077608,72.448905310359
0,2024-01-13,14.5,41,336,213,115,908,751,28.9,1705136400,6.1,268,2.8,1705129200,15.9,1705107600,0.0,0.0,1012,final,67,1015,0,0,213,941,7720,4893,4893,21.5,1705084200,268,6.0,2.3,Dholka,22.7212505077608,72.448905310359
0,2024-01-14,9.8,41,336,214,115,908,754,27.8,1705222800,6.2,335,3.2,1705208400,13.3,1705194000,0.0,0.0,1013,final,54,1016,0,0,214,942,7733,4914,4914,19.8,1705170600,335,6.4,2.4,Dholka,22.7212505077608,72.448905310359
0,2024-01-15,10.9,41,337,215,115,909,756,27.0,1705309200,6.2,225,2.8,1705294800,11.9,1705280400,0.0,0.0,1012,final,61,1015,0,0,215,944,7747,4936,4936,19.0,1705257000,225,4.0,1.7,Dholka,22.7212505077608,72.448905310359
16,2024-01-16,10.6,41,337,216,115,910,759,27.4,1705395600,5.9,329,2.8,1705399200,13.0,1705366800,0.0,0.0,1009,final,58,1012,0,0,211,946,7761,4959,4864,20.0,1705343400,329,4.4,1.6,Dholka,22.7212505077608,72.448905310359
78,2024-01-17,13.0,41,338,217,116,910,761,27.8,1705482000,3.6,288,2.8,1705478400,13.0,1705442400,0.0,0.0,1009,final,67,1012,0,0,145,949,7775,4983,3332,19.6,1705429800,288,4.8,1.9,Dholka,22.7212505077608,72.448905310359
1,2024-01-18,14.0,41,339,218,116,911,764,27.0,1705572000,6.3,95,2.8,1705572000,14.1,1705539600,0.0,0.0,1011,final,72,1014,0,0,218,951,7790,5007,5007,19.8,1705516200,95,5.2,2.3,Dholka,22.7212505077608,72.448905310359
1,2024-01-19,12.2,41,339,219,116,912,767,27.4,1705658400,6.4,70,3.6,1705640400,15.2,1705615200,0.0,0.0,1011,final,62,1014,0,0,219,953,7806,5032,5032,20.3,1705602600,70,7.6,2.8,Dholka,22.7212505077608,72.448905310359
20,2024-01-20,10.7,42,340,220,116,913,770,27.0,1705741200,6.4,115,3.6,1705744800,14.1,1705712400,0.0,0.0,1013,final,59,1016,0,0,218,956,7822,5058,5017,19.4,1705689000,115,6.8,2.6,Dholka,22.7212505077608,72.448905310359
51,2024-01-21,10.0,42,341,221,116,913,773,26.3,1705827600,2.3,50,3.6,1705809600,14.8,1705798800,0.0,0.0,1014,final,56,1017,0,0,98,958,7839,5084,2263,19.4,1705775400,50,7.2,2.9,Dholka,22.7212505077608,72.448905310359
39,2024-01-22,9.5,42,342,222,116,914,776,26.7,1705914000,5.8,44,3.2,1705896000,13.0,1705885200,0.0,0.0,1014,final,57,1017,0,0,215,961,7856,5111,4937,18.8,1705861800,44,6.4,2.5,Dholka,22.7212505077608,72.448905310359
0,2024-01-23,10.5,42,342,223,117,915,779,27.0,1706000400,6.5,35,2.4,1706004000,12.2,1705975200,0.0,0.0,1014,final,61,1017,0,0,223,963,7874,5139,5139,18.9,1705948200,35,5.6,2.1,Dholka,22.7212505077608,72.448905310359
0,2024-01-24,11.4,42,343,225,117,916,782,27.4,1706086800,6.6,43,2.8,1706094000,13.0,1706061600,0.0,0.0,1013,final,63,1016,0,0,225,966,7892,5168,5168,19.6,1706034600,43,4.8,2.0,Dholka,22.7212505077608,72.448905310359
18,2024-01-25,11.0,42,344,226,117,916,785,27.4,1706173200,6.5,57,3.2,1706155200,12.2,1706144400,0.0,0.0,1014,final,61,1017,0,0,225,969,7910,5197,5177,19.7,1706121000,57,6.4,2.2,Dholka,22.7212505077608,72.448905310359
39,2024-01-26,11.4,42,345,227,117,917,789,27.8,1706259600,6.5,49,3.2,1706241600,13.7,1706227200,0.0,0.0,1015,final,61,1018,0,0,174,971,7929,5226,4001,19.7,1706207400,49,6.0,2.4,Dholka,22.7212505077608,72.448905310359
53,2024-01-27,11.7,42,346,229,117,918,792,28.5,1706353200,3.3,49,3.2,1706328000,14.1,1706306400,0.0,0.0,1015,final,59,1018,0,0,175,974,7948,5256,4018,20.6,1706293800,49,5.6,2.3,Dholka,22.7212505077608,72.448905310359
68,2024-01-28,12.2,42,346,230,117,919,796,29.6,1706432400,4.7,169,2.8,1706414400,12.6,1706400000,0.0,0.0,1013,final,62,1016,0,0,195,977,7968,5287,4480,20.5,1706380200,169,4.4,2.0,Dholka,22.7212505077608,72.448905310359
49,2024-01-29,12.4,43,347,231,118,920,799,27.4,1706522400,6.8,327,2.8,1706518800,14.4,1706490000,0.0,0.0,1014,final,61,1017,0,0,210,980,7989,5318,4838,20.4,1706466600,327,5.2,2.2,Dholka,22.7212505077608,72.448905310359
89,2024-01-30,13.7,43,348,233,118,921,803,28.9,1706605200,2.4,141,2.4,1706612400,15.9,1706580000,0.0,0.0,1012,final,61,1015,0,0,71,983,8009,5350,1624,22.0,1706553000,141,4.4,1.3,Dholka,22.7212505077608,72.448905310359
91,2024-01-31,15.3,43,349,234,118,921,806,27.8,1706691600,2.3,225,2.4,1706691600,15.9,1706662800,0.3,0.3,1012,final,69,1015,0,0,78,986,8030,5382,1798,21.6,1706639400,225,4.0,1.3,Dholka,22.7212505077608,72.448905310359
18,2024-02-01,16.7,43,350,235,118,922,810,28.5,1706742000,6.5,287,2.8,1706742000,18.5,1706749200,0.0,0.0,1012,final,71,1015,0,0,235,989,8052,5415,5415,22.7,1706725800,287,6.4,2.1,Dholka,22.7212505077608,72.448905310359
18,2024-02-02,15.6,43,351,237,118,923,814,29.6,1706864400,7.0,52,2.4,1706860800,17.0,1706835600,0.0,0.0,1013,final,66,1016,0,0,237,992,8073,5448,5444,22.9,1706812200,52,4.4,1.2,Dholka,22.7212505077608,72.448905310359
1,2024-02-03,15.6,43,352,238,119,924,817,30.0,1706950800,7.1,118,2.8,1706943600,16.7,1706922000,0.0,0.0,1013,final,66,1016,0,0,238,995,8095,5482,5482,22.9,1706898600,118,5.6,1.9,Dholka,22.7212505077608,72.448905310359
0,2024-02-04,16.4,43,353,240,119,925,821,31.5,1707037200,7.1,191,2.8,1707044400,18.9,1707004800,1.0,1.0,1013,final,62,1015,0,0,240,999,8118,5516,5516,24.6,1706985000,191,5.2,1.6,Dholka,22.7212505077608,72.448905310359
1,2024-02-05,17.7,44,354,241,119,926,825,28.5,1707123600,7.0,276,2.8,1707116400,19.3,1707094800,0.0,0.0,1013,final,70,1016,0,0,241,1002,8140,5551,5550,23.8,1707071400,276,6.4,2.2,Dholka,22.7212505077608,72.448905310359
5,2024-02-06,15.6,44,355,243,119,926,829,28.5,1707210000,7.2,101,2.4,1707159600,18.5,1707174000,0.8,0.8,1014,final,64,1017,0,0,243,1005,8163,5585,5585,23.1,1707157800,101,4.4,1.7,Dholka,22.7212505077608,72.448905310359
47,2024-02-07,15.1,44,356,244,119,927,833,28.5,1707296400,5.7,262,4.0,1707303600,18.1,1707264000,0.8,0.8,1015,final,63,1018,0,0,229,1008,8186,5621,5266,22.9,1707244200,262,7.6,2.5,Dholka,22.7212505077608,72.448905310359
81,2024-02-08,12.8,44,357,246,120,928,837,27.0,1707382800,5.9,36,5.2,1707364800,18.5,1707357600,0.0,0.0,1015,final,57,1018,0,0,185,1012,8209,5656,4247,22.1,1707330600,36,10.0,3.4,Dholka,22.7212505077608,72.448905310359
42,2024-02-09,10.6,44,358,247,120,929,841,28.1,1707469200,7.5,48,3.2,1707451200,15.2,1707440400,0.0,0.0,1014,final,53,1017,0,0,235,1015,8233,5692,5414,20.9,1707417000,48,6.8,2.3,Dholka,22.7212505077608,72.448905310359
2,2024-02-10,10.5,44,359,249,120,930,845,27.8,1707555600,7.5,103,4.4,1707537600,14.8,1707530400,0.0,0.0,1014,final,53,1017,0,0,249,1020,8257,5728,5728,20.7,1707503400,103,8.0,2.8,Dholka,22.7212505077608,72.448905310359
36,2024-02-11,10.6,45,360,251,120,931,849,28.5,1707642000,7.4,66,4.4,1707624000,15.6,1707613200,0.0,0.0,1015,final,52,1018,0,0,236,1025,8281,5765,5428,21.3,1707589800,66,8.8,3.0,Dholka,22.7212505077608,72.448905310359
97,2024-02-12,11.8,45,361,252,120,931,853,27.8,1707728400,2.4,130,3.6,1707710400,15.9,1707699600,0.0,0.0,1013,final,55,1016,0,0,79,1029,8308,5802,1820,21.5,1707676200,130,7.2,2.5,Dholka,22.7212505077608,72.448905310359
92,2024-02-13,12.1,45,362,254,121,932,857,27.8,1707814800,2.5,203,3.2,1707796800,17.0,1707789600,0.0,0.0,1013,final,54,1016,0,0,77,1034,8336,5840,1778,21.9,1707762600,203,5.6,2.2,Dholka,22.7212505077608,72.448905310359
9,2024-02-14,10.8,45,364,256,121,933,861,28.5,1707904800,7.8,282,3.2,1707904800,16.7,1707872400,0.0,0.0,1013,final,49,1016,0,0,256,1038,8364,5877,5877,22.3,1707849000,282,5.6,2.4,Dholka,22.7212505077608,72.448905310359
0,2024-02-15,13.9,45,365,257,121,934,865,30.4,1707987600,7.9,69,4.4,1707973200,17.0,1707958800,0.0,0.0,1013,final,56,1016,0,0,257,1042,8394,5915,5915,23.4,1707935400,69,8.8,3.2,Dholka,22.7212505077608,72.448905310359
1,2024-02-16,14.6,46,366,259,121,935,869,31.1,1708077600,7.9,48,4.8,1708059600,19.6,1708041600,0.0,0.0,1013,final,54,1016,0,0,259,1047,8424,5953,5953,24.8,1708021800,48,9.6,3.7,Dholka,22.7212505077608,72.448905310359
23,2024-02-17,15.8,46,368,261,121,935,873,33.0,1708167600,7.5,102,3.2,1708142400,20.0,1708128000,0.0,0.0,1011,final,56,1013,0,0,245,1051,8455,5992,5640,25.6,1708108200,102,6.4,2.5,Dholka,22.7212505077608,72.448905310359
5,2024-02-18,13.3,46,369,262,122,936,877,33.7,1708246800,8.1,177,3.2,1708250400,17.8,1708221600,0.0,0.0,1009,final,49,1011,0,0,262,1055,8486,6030,6030,25.7,1708194600,177,5.6,1.9,Dholka,22.7212505077608,72.448905310359
65,2024-02-19,12.0,46,370,264,122,937,881,33.7,1708333200,5.0,255,4.4,1708326000,18.5,1708300800,0.0,0.0,1008,final,45,1011,0,0,219,1060,8517,6069,5030,25.6,1708281000,255,8.8,2.9,Dholka,22.7212505077608,72.448905310359
33,2024-02-20,16.6,46,372,266,122,937,885,31.5,1708419600,8.1,259,2.4,1708423200,18.5,1708390800,0.0,0.0,1009,final,64,1012,0,0,243,1064,8548,6108,5595,24.6,1708367400,259,5.6,1.9,Dholka,22.7212505077608,72.448905310359
36,2024-02-21,17.1,46,373,267,122,938,889,29.6,1708513200,7.3,283,3.6,1708488000,21.1,1708477200,0.0,0.0,1009,final,65,1012,0,0,244,1068,8578,6146,5601,24.8,1708453800,283,7.6,3.0,Dholka,22.7212505077608,72.448905310359
4,2024-02-22,16.0,47,374,269,122,939,893,28.9,1708592400,7.9,292,4.4,1708574400,20.0,1708567200,0.0,0.0,1010,final,64,1013,0,0,269,1072,8609,6185,6181,23.7,1708540200,292,7.6,2.8,Dholka,22.7212505077608,72.448905310359
0,2024-02-23,8.4,47,376,271,122,940,897,29.6,1708678800,8.4,272,2.8,1708671600,15.9,1708650000,0.0,0.0,1011,final,44,1014,0,0,271,1076,8639,6224,6224,22.2,1708626600,272,6.8,2.5,Dholka,22.7212505077608,72.448905310359
0,2024-02-24,5.0,47,377,272,123,940,901,29.6,1708765200,8.5,344,3.2,1708768800,15.2,1708736400,0.0,0.0,1011,final,35,1014,0,0,272,1080,8669,6263,6263,21.6,1708713000,344,7.6,2.7,Dholka,22.7212505077608,72.448905310359
28,2024-02-25,5.8,47,378,274,123,941,905,29.6,1708855200,8.6,49,4.0,1708855200,14.8,1708822800,0.0,0.0,1011,final,37,1014,0,0,269,1084,8699,6302,6185,21.7,1708799400,49,8.8,3.0,Dholka,22.7212505077608,72.448905310359
88,2024-02-26,11.0,47,379,276,123,941,909,30.4,1708945200,4.1,45,5.2,1708920000,18.1,1708902000,0.3,0.3,1009,final,46,1012,0,0,141,1088,8728,6341,3246,23.7,1708885800,45,10.0,3.5,Dholka,22.7212505077608,72.448905310359
11,2024-02-27,14.1,47,381,277,123,942,913,31.5,1709024400,7.6,154,3.2,1709006400,19.6,1708995600,0.0,0.0,1010,final,52,1013,0,0,274,1092,8757,6380,6294,24.9,1708972200,154,6.0,2.5,Dholka,22.7212505077608,72.448905310359
5,2024-02-28,14.8,48,382,279,123,943,917,31.9,1709110800,8.8,69,4.4,1709092800,18.5,1709082000,0.0,0.0,1010,final,55,1013,0,0,279,1095,8785,6419,6419,25.0,1709058600,69,7.6,2.8,Dholka,22.7212505077608,72.448905310359
2,2024-02-29,15.9,48,383,281,123,943,921,35.2,1709204400,8.9,80,3.2,1709182800,18.9,1709157600,0.0,0.0,1009,final,55,1011,0,0,281,1099,8813,6458,6458,26.4,1709145000,80,6.8,1.9,Dholka,22.7212505077608,72.448905310359
11,2024-03-01,15.9,48,384,282,124,944,925,34.1,1709247600,8.9,221,4.0,1709247600,21.9,1709254800,0.3,0.3,1008,final,52,1011,0,0,281,1103,8841,6496,6469,27.4,1709231400,221,7.2,2.5,Dholka,22.7212505077608,72.448905310359
44,2024-03-02,18.6,48,386,284,124,944,929,29.6,1709370000,5.6,266,5.2,1709370000,21.9,1709341200,3.8,3.8,1008,final,67,1011,0,0,233,1106,8868,6535,5359,25.3,1709317800,266,10.4,2.9,Dholka,22.7212505077608,72.448905310359
11,2024-03-03,7.6,48,387,286,124,945,933,26.3,1709467200,7.4,257,4.0,1709406000,15.9,1709427600,0.0,0.0,1011,final,44,1014,0,0,281,1110,8894,6573,6471,20.7,1709404200,257,8.0,3.1,Dholka,22.7212505077608,72.448905310359
31,2024-03-04,6.9,48,388,287,124,945,937,27.0,1709542800,7.7,207,2.4,1709546400,13.3,1709514000,0.0,0.0,1012,final,45,1015,0,0,280,1113,8920,6611,6440,20.0,1709490600,207,5.6,1.7,Dholka,22.7212505077608,72.448905310359
0,2024-03-05,7.9,49,389,289,124,946,940,29.3,1709636400,9.2,149,2.8,1709611200,13.3,1709600400,0.0,0.0,1012,final,45,1015,0,0,289,1117,8946,6649,6649,21.0,1709577000,149,7.2,2.4,Dholka,22.7212505077608,72.448905310359
4,2024-03-06,9.1,49,390,291,124,946,944,30.4,1709715600,9.3,222,2.8,1709697600,15.6,1709679600,0.0,0.0,1011,final,44,1014,0,0,291,1120,8971,6687,6687,22.6,1709663400,222,5.2,2.1,Dholka,22.7212505077608,72.448905310359
1,2024-03-07,9.6,49,391,292,125,947,948,31.1,1709798400,9.4,336,3.2,1709805600,16.7,1709769600,0.0,0.0,1011,final,44,1013,0,0,292,1124,8995,6724,6724,23.5,1709749800,336,4.8,2.1,Dholka,22.7212505077608,72.448905310359
0,2024-03-08,10.6,49,392,294,125,947,951,31.5,1709888400,9.4,224,3.6,1709874000,16.3,1709859600,0.0,0.0,1011,final,45,1014,0,0,294,1127,9019,6761,6761,24.1,1709836200,224,6.0,2.3,Dholka,22.7212505077608,72.448905310359
5,2024-03-09,8.7,49,393,296,125,948,955,31.1,1709978400,9.5,205,3.2,1709982000,17.4,1709946000,0.0,0.0,1011,final,39,1014,0,0,296,1130,9042,6798,6798,24.2,1709922600,205,5.6,2.3,Dholka,22.7212505077608,72.448905310359
4,2024-03-10,12.0,49,394,297,125,948,958,33.0,1710064800,9.6,240,2.8,1710046800,17.8,1710028800,0.0,0.0,1010,final,46,1013,0,0,297,1133,9065,6835,6835,25.0,1710009000,240,6.4,2.1,Dholka,22.7212505077608,72.448905310359
0,2024-03-11,10.9,49,395,299,125,949,962,34.1,1710147600,9.7,322,2.8,1710151200,18.9,1710118800,0.0,0.0,1012,final,41,1015,0,0,299,1137,9087,6871,6871,26.2,1710095400,322,5.6,2.3,Dholka,22.7212505077608,72.448905310359
0,2024-03-12,14.3,50,396,300,125,949,965,33.3,1710234000,9.7,300,3.6,1710198000,22.2,1710205200,0.0,0.0,1011,final,47,1014,0,0,300,1140,9109,6907,6907,26.8,1710181800,300,7.6,2.9,Dholka,22.7212505077608,72.448905310359
1,2024-03-13,13.5,50,397,302,125,949,969,33.0,1710320400,9.8,297,3.6,1710334800,20.7,1710291600,0.0,0.0,1010,final,47,1013,0,0,302,1143,9131,6942,6942,26.0,1710268200,297,6.8,2.7,Dholka,22.7212505077608,72.448905310359
0,2024-03-14,14.4,50,398,303,125,950,972,33.0,1710403200,9.9,309,3.6,1710356400,21.1,1710378000,0.0,0.0,1011,final,50,1013,0,0,303,1146,9151,6978,6978,26.5,1710354600,309,6.4,2.5,Dholka,22.7212505077608,72.448905310359
0,2024-03-15,11.2,50,399,305,126,950,975,33.7,1710493200,9.9,261,2.8,1710478800,18.5,1710457200,0.0,0.0,1009,final,42,1012,0,0,305,1148,9172,7012,7012,26.0,1710441000,261,5.2,1.8,Dholka,22.7212505077608,72.448905310359
0,2024-03-16,13.3,50,400,306,126,950,978,34.8,1710579600,10.0,135,3.2,1710565200,18.9,1710547200,0.0,0.0,1009,final,45,1012,0,0,306,1151,9191,7047,7047,27.0,1710527400,135,7.2,1.9,Dholka,22.7212505077608,72.448905310359
0,2024-03-17,12.9,50,400,308,126,951,981,35.6,1710666000,10.1,132,4.8,1710651600,20.7,1710637200,0.0,0.0,1009,final,42,1012,0,0,308,1154,9211,7081,7081,27.3,1710613800,132,8.8,2.8,Dholka,22.7212505077608,72.448905310359
10,2024-03-18,10.1,50,401,309,126,951,985,34.4,1710752400,10.1,175,3.6,1710734400,22.2,1710723600,0.0,0.0,1009,final,34,1012,0,0,309,1157,9229,7115,7113,27.6,1710700200,175,6.4,2.8,Dholka,22.7212505077608,72.448905310359
4,2024-03-19,9.4,50,402,311,126,951,988,35.2,1710838800,10.2,163,2.8,1710842400,18.5,1710810000,0.0,0.0,1009,final,34,1012,0,0,311,1159,9248,7148,7148,27.1,1710786600,163,6.4,2.5,Dholka,22.7212505077608,72.448905310359
34,2024-03-20,12.1,51,403,312,126,951,991,35.9,1710925200,10.3,242,3.2,1710925200,20.0,1710892800,0.0,0.0,1008,final,40,1011,0,0,312,1162,9266,7181,7176,27.5,1710873000,242,6.0,2.1,Dholka,22.7212505077608,72.448905310359
67,2024-03-21,12.0,51,404,314,126,952,993,36.3,1711011600,6.8,116,2.8,1710986400,20.0,1710982800,0.0,0.0,1007,final,39,1010,0,0,252,1165,9283,7213,5791,28.2,1710959400,116,4.4,1.5,Dholka,22.7212505077608,72.448905310359
4,2024-03-22,12.1,51,404,315,126,952,996,36.3,1711098000,10.4,265,3.2,1711098000,19.6,1711069200,0.0,0.0,1006,final,40,1009,0,0,315,1167,9300,7245,7243,28.0,1711045800,265,5.6,2.0,Dholka,22.7212505077608,72.448905310359
42,2024-03-23,14.9,51,405,316,126,952,999,35.6,1711191600,9.3,288,3.2,1711188000,20.7,1711155600,0.0,0.0,1006,final,47,1009,0,0,247,1170,9316,7276,5691,28.0,1711132200,288,5.2,1.9,Dholka,22.7212505077608,72.448905310359
28,2024-03-24,15.8,51,406,318,126,952,1002,35.2,1711270800,8.7,252,3.2,1711231200,23.3,1711242000,0.0,0.0,1007,final,48,1010,0,0,274,1172,9332,7307,6293,28.6,1711218600,252,7.2,2.1,Dholka,22.7212505077608,72.448905310359
2,2024-03-25,17.7,51,406,319,127,952,1004,36.3,1711357200,10.4,230,2.8,1711339200,23.7,1711328400,0.0,0.0,1008,final,50,1011,0,0,319,1174,9348,7338,7335,29.9,1711305000,230,6.4,1.9,Dholka,22.7212505077608,72.448905310359
23,2024-03-26,18.7,51,407,320,127,952,1007,37.4,1711443600,10.6,231,2.8,1711429200,22.6,1711414800,0.0,0.0,1007,final,53,1010,0,0,320,1177,9363,7367,7367,29.9,1711391400,231,4.0,1.7,Dholka,22.7212505077608,72.448905310359
36,2024-03-27,18.8,51,408,322,127,952,1009,37.4,1711486800,10.7,291,2.4,1711486800,25.9,1711508400,0.0,0.0,1009,final,48,1012,0,0,320,1179,9377,7397,7350,31.5,1711477800,291,6.4,1.5,Dholka,22.7212505077608,72.448905310359
36,2024-03-28,18.2,51,408,323,127,952,1012,37.4,1711566000,8.5,309,3.2,1711566000,27.0,1711566000,0.0,0.0,1008,final,46,1010,0,0,259,1181,9392,7426,5958,31.5,1711564200,309,7.2,2.5,Dholka,22.7212505077608,72.448905310359
28,2024-03-29,16.4,51,409,324,127,953,1014,36.7,1711652400,10.1,293,3.6,1711652400,25.6,1711652400,0.0,0.0,1007,final,43,1009,0,0,315,1183,9405,7454,7235,30.8,1711650600,293,7.2,2.4,Dholka,22.7212505077608,72.448905310359
0,2024-03-30,15.8,52,410,325,127,953,1017,35.2,1711738800,10.6,301,3.2,1711738800,24.8,1711738800,0.0,0.0,1009,final,45,1011,0,0,325,1185,9419,7482,7482,29.6,1711737000,301,7.2,2.6,Dholka,22.7212505077608,72.448905310359
35,2024-03-31,14.8,52,410,327,127,953,1019,34.4,1711825200,9.6,304,3.6,1711825200,23.3,1711825200,0.0,0.0,1010,final,45,1013,0,0,322,1187,9432,7510,7410,28.3,1711823400,304,6.8,2.5,Dholka,22.7212505077608,72.448905310359
87,2024-04-01,15.8,52,411,328,127,953,1021,35.9,1711911600,3.8,289,2.8,1711911600,22.6,1711911600,0.0,0.0,1007,final,47,1010,0,0,148,1189,9444,7536,3401,29.0,1711909800,289,5.2,2.0,Dholka,22.7212505077608,72.448905310359
70,2024-04-02,13.9,52,411,329,127,953,1023,34.8,1712066400,4.3,306,3.2,1712066400,24.1,1712019600,0.0,0.0,1005,final,41,1008,0,0,158,1191,9457,7563,3624,28.9,1711996200,306,5.6,2.2,Dholka,22.7212505077608,72.448905310359
63,2024-04-03,15.0,52,412,330,127,953,1025,35.6,1712088000,8.6,299,2.8,1712084400,22.2,1712106000,0.0,0.0,1006,final,45,1009,0,0,274,1193,9469,7589,6293,28.9,1712082600,299,7.2,2.3,Dholka,22.7212505077608,72.448905310359
72,2024-04-04,16.1,52,412,331,127,953,1027,34.4,1712232000,4.3,309,2.8,1712203200,24.4,1712192400,0.0,0.0,1007,final,46,1010,0,0,183,1195,9480,7614,4220,29.2,1712169000,309,7.2,2.4,Dholka,22.7212505077608,72.448905310359
69,2024-04-05,15.8,52,413,332,127,953,1029,35.2,1712307600,7.5,300,4.4,1712318400,25.6,1712271600,0.0,0.0,1007,final,44,1010,0,0,250,1198,9491,7639,5750,29.9,1712255400,300,7.6,2.9,Dholka,22.7212505077608,72.448905310359
31,2024-04-06,15.0,52,413,333,127,952,1031,35.6,1712397600,11.2,298,4.0,1712376000,26.3,1712365200,0.0,0.0,1006,final,40,1009,0,0,330,1201,9504,7663,7589,30.5,1712341800,298,8.8,2.8,Dholka,22.7212505077608,72.448905310359
1,2024-04-07,14.5,52,414,334,127,952,1033,36.7,1712480400,11.3,299,3.2,1712455200,24.1,1712451600,0.0,0.0,1005,final,40,1008,0,0,334,1205,9521,7688,7688,30.1,1712428200,299,6.4,1.8,Dholka,22.7212505077608,72.448905310359
0,2024-04-08,17.1,53,415,335,127,952,1034,37.4,1712566800,11.3,190,2.8,1712527200,24.8,1712538000,0.0,0.0,1005,final,47,1008,0,0,335,1208,9539,7712,7712,30.9,1712514600,190,4.4,1.7,Dholka,22.7212505077608,72.448905310359
2,2024-04-09,15.6,53,416,336,127,952,1036,37.8,1712653200,11.4,157,2.8,1712638800,24.1,1712624400,0.0,0.0,1005,final,42,1007,0,0,336,1212,9560,7735,7735,31.1,1712601000,157,5.2,1.7,Dholka,22.7212505077608,72.448905310359
45,2024-04-10,17.7,53,417,337,127,952,1037,37.8,1712739600,9.0,228,2.8,1712743200,26.7,1712710800,0.0,0.0,1005,final,46,1008,0,0,301,1215,9581,7759,6924,31.3,1712687400,228,4.4,1.2,Dholka,22.7212505077608,72.448905310359
38,2024-04-11,19.0,53,418,338,127,952,1039,36.7,1712826000,7.6,193,2.8,1712851200,24.8,1712797200,0.0,0.0,1005,final,51,1008,0,0,321,1218,9603,7781,7392,30.8,1712773800,193,6.8,1.9,Dholka,22.7212505077608,72.448905310359
2,2024-04-12,17.7,53,418,339,127,952,1040,36.3,1712916000,11.5,153,3.6,1712865600,25.2,1712880000,0.0,0.0,1005,final,47,1008,0,0,339,1221,9625,7804,7804,30.8,1712860200,153,6.8,2.4,Dholka,22.7212505077608,72.448905310359
22,2024-04-13,19.1,53,419,340,127,952,1042,36.3,1712998800,10.9,209,3.2,1713024000,25.2,1712962800,0.0,0.0,1006,final,52,1009,0,0,336,1223,9647,7826,7736,30.5,1712946600,209,6.0,2.0,Dholka,22.7212505077608,72.448905310359
40,2024-04-14,21.1,53,420,341,127,952,1043,37.0,1713085200,11.4,215,6.0,1713099600,27.0,1713056400,0.0,0.0,1007,final,55,1010,0,0,333,1226,9668,7848,7668,31.5,1713033000,215,8.8,1.8,Dholka,22.7212505077608,72.448905310359
51,2024-04-15,19.3,53,421,342,127,951,1044,38.1,1713171600,11.6,235,3.6,1713178800,26.3,1713142800,0.0,0.0,1008,final,49,1011,0,0,336,1229,9689,7869,7726,32.2,1713119400,235,6.4,2.5,Dholka,22.7212505077608,72.448905310359
20,2024-04-16,15.2,54,422,343,127,951,1045,38.9,1713258000,11.6,229,3.6,1713265200,27.0,1713225600,0.0,0.0,1007,final,36,1010,0,0,340,1231,9709,7889,7816,32.7,1713205800,229,6.8,2.9,Dholka,22.7212505077608,72.448905310359
22,2024-04-17,15.6,54,423,344,128,951,1047,40.0,1713348000,9.2,150,3.2,1713348000,26.7,1713312000,0.0,0.0,1005,final,36,1008,0,0,307,1233,9729,7909,7066,33.5,1713292200,150,5.6,2.0,Dholka,22.7212505077608,72.448905310359
16,2024-04-18,14.5,54,424,345,128,951,1048,38.9,1713434400,8.3,311,4.0,1713423600,28.9,1713402000,0.0,0.0,1005,final,33,1008,0,0,319,1236,9748,7929,7330,33.6,1713378600,311,8.0,3.1,Dholka,22.7212505077608,72.448905310359
6,2024-04-19,17.1,54,425,346,128,951,1049,37.8,1713524400,11.6,292,5.6,1713466800,27.4,1713488400,0.0,0.0,1003,final,42,1006,0,0,344,1238,9767,7948,7908,32.4,1713465000,292,10.8,3.5,Dholka,22.7212505077608,72.448905310359
33,2024-04-20,15.1,54,425,346,128,950,1050,36.7,1713603600,10.5,295,4.4,1713610800,25.9,1713574800,0.0,0.0,1004,final,40,1007,0,0,312,1240,9785,7967,7175,31.1,1713551400,295,7.6,3.4,Dholka,22.7212505077608,72.448905310359
69,2024-04-21,16.3,54,426,347,128,950,1050,36.3,1713700800,5.6,281,3.2,1713650400,25.6,1713661200,0.0,0.0,1004,final,44,1007,0,0,248,1242,9802,7985,5714,30.5,1713637800,281,7.6,2.5,Dholka,22.7212505077608,72.448905310359
3,2024-04-22,15.9,54,427,348,128,950,1051,36.7,1713776400,11.8,291,3.6,1713780000,25.6,1713747600,0.0,0.0,1005,final,43,1008,0,0,348,1244,9819,8003,7996,30.8,1713724200,291,6.8,2.7,Dholka,22.7212505077608,72.448905310359
0,2024-04-23,16.9,54,428,349,127,950,1052,37.8,1713862800,11.8,279,3.2,1713866400,25.2,1713834000,0.0,0.0,1004,final,44,1007,0,0,349,1246,9835,8020,8020,31.3,1713810600,279,6.4,1.8,Dholka,22.7212505077608,72.448905310359
0,2024-04-24,17.8,54,428,349,127,949,1053,39.6,1713956400,11.8,249,2.8,1713952800,26.3,1713913200,0.0,0.0,1003,final,44,1006,0,0,349,1248,9850,8037,8037,32.3,1713897000,249,6.8,1.5,Dholka,22.7212505077608,72.448905310359
1,2024-04-25,18.1,54,429,350,127,949,1053,38.5,1714035600,11.9,260,3.2,1713996000,27.4,1714006800,0.0,0.0,1003,final,42,1006,0,0,350,1249,9865,8054,8053,32.9,1713983400,260,7.2,2.2,Dholka,22.7212505077608,72.448905310359
12,2024-04-26,17.2,54,430,351,127,949,1054,37.8,1714132800,11.9,280,5.6,1714086000,27.8,1714093200,0.0,0.0,1004,final,43,1007,0,0,351,1251,9879,8069,8067,32.1,1714069800,280,6.8,2.3,Dholka,22.7212505077608,72.448905310359
75,2024-04-27,17.6,54,430,352,127,949,1055,37.8,1714215600,4.3,291,3.2,1714204800,27.0,1714179600,0.0,0.0,1005,final,43,1007,0,0,151,1253,9893,8085,3467,32.3,1714156200,291,6.4,2.3,Dholka,22.7212505077608,72.448905310359
39,2024-04-28,13.7,55,431,352,127,948,1055,38.5,1714298400,10.7,313,3.6,1714291200,28.1,1714255200,0.0,0.0,1005,final,33,1007,0,0,347,1254,9906,8100,7982,32.9,1714242600,313,8.0,2.6,Dholka,22.7212505077608,72.448905310359
15,2024-04-29,15.9,55,431,353,127,948,1056,38.5,1714381200,11.9,304,3.6,1714374000,28.9,1714345200,0.0,0.0,1005,final,37,1008,0,0,353,1256,9918,8114,8114,33.4,1714329000,304,8.4,3.1,Dholka,22.7212505077608,72.448905310359
0,2024-04-30,13.2,55,432,353,127,948,1056,38.5,1714474800,12.0,297,4.0,1714449600,27.0,1714435200,0.0,0.0,1004,final,33,1007,0,0,353,1257,9930,8128,8128,32.5,1714415400,297,7.6,2.9,Dholka,22.7212505077608,72.448905310359
3,2024-05-01,11.6,55,432,354,127,947,1056,38.5,1714503600,12.0,294,4.4,1714503600,25.2,1714503600,0.0,0.0,1001,final,31,1004,0,0,354,1259,9942,8142,8141,31.7,1714501800,294,7.6,2.8,Dholka,22.7212505077608,72.448905310359
59,2024-05-02,9.5,55,433,355,127,947,1057,38.5,1714593600,8.0,237,2.8,1714593600,24.8,1714611600,0.0,0.0,1002,final,27,1005,0,0,215,1260,9953,8155,4948,31.2,1714588200,237,5.2,1.6,Dholka,22.7212505077608,72.448905310359
37,2024-05-03,13.6,55,433,355,127,947,1057,39.3,1714734000,12.0,291,3.2,1714708800,25.9,1714698000,0.0,0.0,1003,final,33,1006,0,0,350,1261,9963,8167,8056,32.5,1714674600,291,6.8,2.1,Dholka,22.7212505077608,72.448905310359
53,2024-05-04,18.2,55,434,356,127,946,1057,39.3,1714809600,10.4,304,4.8,1714824000,28.1,1714784400,0.0,0.0,1004,final,41,1007,0,0,350,1263,9973,8179,8049,33.9,1714761000,304,10.0,3.1,Dholka,22.7212505077608,72.448905310359
71,2024-05-05,18.6,55,434,356,127,946,1058,38.1,1714910400,7.8,290,4.4,1714924800,30.7,1714870800,0.0,0.0,1003,final,41,1005,0,0,254,1264,9983,8191,5847,34.1,1714847400,290,8.8,3.5,Dholka,22.7212505077608,72.448905310359
1,2024-05-06,19.5,55,434,357,127,946,1058,39.3,1714986000,12.0,276,4.0,1715014800,27.4,1714957200,0.0,0.0,1003,final,47,1006,0,0,357,1265,9992,8202,8202,33.0,1714933800,276,7.6,2.5,Dholka,22.7212505077608,72.448905310359
11,2024-05-07,21.6,55,435,357,127,945,1058,40.4,1715083200,12.0,243,4.0,1715097600,27.8,1715043600,0.0,0.0,1003,final,52,1006,0,0,353,1266,10001,8213,8127,33.7,1715020200,243,7.2,2.3,Dholka,22.7212505077608,72.448905310359
7,2024-05-08,20.9,55,435,358,127,945,1058,40.7,1715169600,11.3,258,3.6,1715108400,28.5,1715130000,0.0,0.0,1003,final,48,1005,0,0,357,1267,10010,8224,8219,34.1,1715106600,258,7.6,2.6,Dholka,22.7212505077608,72.448905310359
4,2024-05-09,21.9,55,436,358,127,945,1058,40.4,1715252400,12.1,242,4.4,1715270400,28.9,1715216400,0.0,0.0,1002,final,51,1005,0,0,358,1268,10018,8234,8233,34.0,1715193000,242,7.2,2.9,Dholka,22.7212505077608,72.448905310359
2,2024-05-10,22.3,55,436,358,127,944,1058,39.3,1715331600,12.0,228,4.0,1715335200,29.6,1715302800,0.0,0.0,1004,final,53,1006,0,0,358,1269,10025,8243,8243,33.8,1715279400,228,7.2,2.6,Dholka,22.7212505077608,72.448905310359
2,2024-05-11,22.8,55,436,359,127,944,1058,39.3,1715418000,12.1,252,3.6,1715400000,29.3,1715389200,0.0,0.0,1005,final,55,1008,0,0,359,1270,10033,8252,8252,33.7,1715365800,252,6.4,2.0,Dholka,22.7212505077608,72.448905310359
12,2024-05-12,21.9,55,436,359,127,944,1058,38.9,1715515200,11.4,234,4.0,1715457600,29.6,1715475600,0.0,0.0,1005,final,50,1008,0,0,358,1271,10039,8261,8223,34.1,1715452200,234,7.2,2.3,Dholka,22.7212505077608,72.448905310359
36,2024-05-13,21.5,55,437,360,127,943,1058,38.9,1715590800,11.0,257,5.2,1715601600,27.8,1715619600,2.5,2.5,1005,final,50,1008,0,0,332,1271,10046,8270,7647,33.5,1715538600,257,6.4,2.4,Dholka,22.7212505077608,72.448905310359
18,2024-05-14,19.7,55,437,360,127,943,1058,37.4,1715688000,11.7,174,2.4,1715626800,25.6,1715644800,1.8,1.8,1006,final,51,1009,0,0,352,1272,10052,8278,8107,31.5,1715625000,174,8.0,1.6,Dholka,22.7212505077608,72.448905310359
17,2024-05-15,19.7,55,437,360,127,943,1058,39.3,1715770800,11.5,142,2.8,1715767200,27.0,1715724000,0.0,0.0,1005,final,48,1008,0,0,356,1273,10058,8285,8196,32.8,1715711400,142,6.8,1.5,Dholka,22.7212505077608,72.448905310359
37,2024-05-16,20.1,55,438,361,127,942,1058,40.7,1715853600,8.6,305,3.6,1715868000,27.8,1715821200,0.0,0.0,1005,final,46,1008,0,0,320,1274,10064,8293,7365,33.8,1715797800,305,8.4,2.7,Dholka,22.7212505077608,72.448905310359
17,2024-05-17,19.7,55,438,361,127,942,1058,41.1,1715943600,10.9,299,4.4,1715950800,29.6,1715896800,0.0,0.0,1002,final,42,1005,0,0,360,1274,10069,8300,8280,34.8,1715884200,299,8.4,2.6,Dholka,22.7212505077608,72.448905310359
3,2024-05-18,19.1,55,438,361,127,942,1057,41.9,1716026400,11.9,267,4.0,1716026400,31.1,1715986800,0.0,0.0,1001,final,39,1003,0,0,361,1275,10074,8306,8306,35.6,1715970600,267,7.6,2.7,Dholka,22.7212505077608,72.448905310359
4,2024-05-19,16.7,55,438,361,127,941,1057,42.2,1716109200,12.1,305,4.8,1716102000,31.5,1716080400,0.0,0.0,999,final,33,1002,0,0,361,1276,10079,8313,8313,36.0,1716057000,305,10.0,3.5,Dholka,22.7212505077608,72.448905310359
12,2024-05-20,18.4,55,438,362,127,941,1057,42.2,1716202800,9.7,311,5.6,1716192000,31.9,1716166800,0.0,0.0,999,final,36,1002,0,0,360,1276,10083,8319,8271,35.9,1716143400,311,9.6,3.6,Dholka,22.7212505077608,72.448905310359
7,2024-05-21,20.2,56,439,362,127,941,1057,42.6,1716285600,10.9,301,4.4,1716246000,31.1,1716253200,0.0,0.0,999,final,41,1002,0,0,361,1277,10087,8324,8303,36.2,1716229800,301,8.0,2.6,Dholka,22.7212505077608,72.448905310359
11,2024-05-22,22.0,56,439,362,127,940,1057,43.3,1716375600,12.0,282,4.0,1716372000,31.1,1716339600,0.0,0.0,999,final,46,1001,0,0,356,1277,10091,8329,8192,36.3,1716316200,282,7.6,2.3,Dholka,22.7212505077608,72.448905310359
3,2024-05-23,19.5,56,439,362,127,940,1056,43.3,1716462000,12.1,287,5.2,1716451200,31.5,1716426000,0.0,0.0,997,final,39,1000,0,0,362,1277,10095,8334,8334,36.9,1716402600,287,10.4,3.9,Dholka,22.7212505077608,72.448905310359
2,2024-05-24,19.7,56,439,363,127,940,1056,42.6,1716548400,12.1,286,4.8,1716566400,30.4,1716512400,0.0,0.0,997,final,40,999,0,0,363,1278,10098,8339,8339,36.4,1716489000,286,9.2,3.7,Dholka,22.7212505077608,72.448905310359
7,2024-05-25,21.9,56,439,363,127,940,1056,41.9,1716631200,12.1,277,4.4,1716634800,30.0,1716598800,0.0,0.0,997,final,48,1000,0,0,363,1278,10101,8344,8343,35.6,1716575400,277,9.2,3.3,Dholka,22.7212505077608,72.448905310359
39,2024-05-26,23.4,56,439,363,126,939,1056,41.1,1716724800,6.9,264,4.8,1716717600,31.1,1716688800,0.0,0.0,998,final,52,1001,0,0,283,1279,10104,8348,6512,35.3,1716661800,264,9.6,3.4,Dholka,22.7212505077608,72.448905310359
39,2024-05-27,23.8,56,439,363,126,939,1055,41.9,1716807600,7.6,250,4.8,1716814800,30.0,1716771600,0.0,0.0,997,final,53,1000,0,0,295,1279,10106,8352,6775,35.2,1716748200,250,10.0,3.8,Dholka,22.7212505077608,72.448905310359
11,2024-05-28,23.3,56,440,363,126,939,1055,41.9,1716894000,12.1,237,5.2,1716904800,30.4,1716858000,0.0,0.0,997,final,53,1000,0,0,363,1279,10109,8355,8354,35.0,1716834600,237,10.8,4.2,Dholka,22.7212505077608,72.448905310359
15,2024-05-29,23.9,56,440,363,126,938,1055,40.0,1716973200,11.1,219,6.0,1716966000,30.0,1716944400,0.0,0.0,997,final,56,1000,0,0,353,1280,10111,8359,8112,34.5,1716921000,219,11.6,4.7,Dholka,22.7212505077608,72.448905310359
5,2024-05-30,24.2,56,440,364,126,938,1055,39.6,1717066800,12.1,215,5.2,1717020000,30.0,1717030800,0.0,0.0,999,final,57,1002,0,0,363,1280,10113,8362,8359,34.3,1717007400,215,10.4,3.7,Dholka,22.7212505077608,72.448905310359
8,2024-05-31,23.4,56,440,364,126,938,1054,40.0,1717156800,12.1,214,5.2,1717117200,30.4,1717117200,0.0,0.0,1001,final,54,1004,0,0,359,1280,10114,8365,8260,34.4,1717093800,214,10.0,3.8,Dholka,22.7212505077608,72.448905310359
8,2024-06-01,23.8,56,440,364,126,937,1054,39.3,1717196400,11.9,211,6.0,1717196400,30.4,1717203600,0.0,0.0,1001,final,56,1003,0,0,363,1280,10116,8367,8357,34.3,1717180200,211,10.8,4.1,Dholka,22.7212505077608,72.448905310359
8,2024-06-02,22.6,56,440,364,126,937,1054,39.6,1717329600,12.0,215,4.4,1717344000,30.4,1717290000,0.0,0.0,1002,final,52,1005,0,0,364,1280,10117,8370,8367,34.4,1717266600,215,8.8,2.8,Dholka,22.7212505077608,72.448905310359
18,2024-06-03,23.8,56,440,364,126,937,1053,39.3,1717412400,9.9,223,5.2,1717358400,30.7,1717376400,0.0,0.0,1001,final,56,1004,0,0,353,1281,10118,8372,8122,34.5,1717353000,223,9.2,3.4,Dholka,22.7212505077608,72.448905310359
3,2024-06-04,22.8,56,440,364,126,937,1053,40.4,1717502400,11.3,243,4.0,1717516800,31.1,1717462800,0.0,0.0,1002,final,51,1005,0,0,364,1281,10119,8374,8373,34.8,1717439400,243,8.0,2.9,Dholka,22.7212505077608,72.448905310359
2,2024-06-05,22.8,56,440,364,126,936,1053,40.0,1717588800,12.1,247,4.0,1717599600,30.0,1717549200,0.0,0.0,1002,final,53,1005,0,0,364,1281,10120,8375,8375,34.2,1717525800,247,8.4,3.0,Dholka,22.7212505077608,72.448905310359
0,2024-06-06,22.6,56,440,364,126,936,1053,39.6,1717675200,12.1,245,4.0,1717614000,30.0,1717635600,0.0,0.0,1003,final,52,1006,0,0,364,1281,10120,8377,8377,34.5,1717612200,245,7.6,2.5,Dholka,22.7212505077608,72.448905310359
9,2024-06-07,23.4,56,440,364,126,936,1052,40.4,1717758000,12.1,269,4.0,1717754400,30.4,1717722000,0.0,0.0,1001,final,52,1004,0,0,364,1281,10120,8378,8371,35.2,1717698600,269,8.0,3.0,Dholka,22.7212505077608,72.448905310359
11,2024-06-08,23.0,56,440,364,126,936,1052,39.6,1717848000,11.8,238,4.4,1717862400,30.0,1717808400,0.0,0.0,1000,final,52,1003,0,0,364,1281,10121,8379,8375,34.6,1717785000,238,8.0,2.5,Dholka,22.7212505077608,72.448905310359
12,2024-06-09,22.8,56,440,364,126,935,1052,40.7,1717930800,12.1,277,4.0,1717952400,30.4,1717952400,4.0,4.0,999,final,51,1002,0,0,363,1281,10120,8380,8353,35.1,1717871400,277,8.8,2.8,Dholka,22.7212505077608,72.448905310359
45,2024-06-10,23.7,56,440,364,126,935,1051,39.3,1718020800,9.3,247,4.0,1718028000,29.3,1717959600,3.5,3.5,1001,final,57,1003,0,0,337,1281,10120,8381,7749,34.0,1717957800,247,8.0,2.7,Dholka,22.7212505077608,72.448905310359
21,2024-06-11,23.3,56,440,364,126,935,1051,39.6,1718107200,11.8,273,4.0,1718121600,29.3,1718046000,0.0,0.0,1001,final,56,1004,0,0,363,1281,10120,8381,8356,33.8,1718044200,273,8.8,3.0,Dholka,22.7212505077608,72.448905310359
16,2024-06-12,23.7,56,440,364,126,935,1051,39.6,1718193600,12.0,248,4.8,1718208000,29.3,1718154000,0.0,0.0,1001,final,58,1004,0,0,364,1281,10119,8381,8365,33.7,1718130600,248,9.2,3.4,Dholka,22.7212505077608,72.448905310359
9,2024-06-13,23.4,56,440,364,126,935,1051,40.4,1718280000,12.1,243,4.4,1718251200,30.0,1718298000,0.0,0.0,1001,final,56,1004,0,0,364,1281,10118,8382,8377,34.3,1718217000,243,10.0,3.4,Dholka,22.7212505077608,72.448905310359
12,2024-06-14,23.6,56,440,364,126,934,1050,38.5,1718366400,11.5,228,4.8,1718373600,30.0,1718380800,1.3,1.3,1000,final,57,1003,0,0,363,1281,10117,8382,8351,33.7,1718303400,228,10.0,3.3,Dholka,22.7212505077608,72.448905310359
15,2024-06-15,23.5,56,440,364,126,934,1050,38.1,1718449200,10.3,224,5.2,1718470800,30.7,1718402400,0.0,0.0,1000,final,56,1003,0,0,363,1281,10116,8381,8354,33.8,1718389800,224,9.2,3.3,Dholka,22.7212505077608,72.448905310359
10,2024-06-16,23.7,56,440,364,126,934,1050,38.9,1718528400,11.8,211,4.8,1718553600,31.1,1718492400,0.0,0.0,1000,final,56,1003,0,0,364,1280,10115,8381,8370,34.3,1718476200,211,10.0,3.5,Dholka,22.7212505077608,72.448905310359
36,2024-06-17,24.4,56,440,364,126,934,1050,39.3,1718625600,11.1,208,5.2,1718640000,31.5,1718586000,0.0,0.0,1000,final,56,1003,0,0,360,1280,10113,8380,8286,34.8,1718562600,208,10.8,3.4,Dholka,22.7212505077608,72.448905310359
50,2024-06-18,24.3,56,440,364,126,934,1050,39.3,1718701200,6.5,215,6.0,1718726400,31.9,1718672400,0.0,0.0,999,final,57,1002,0,0,277,1280,10112,8380,6371,34.6,1718649000,215,11.2,4.2,Dholka,22.7212505077608,72.448905310359
45,2024-06-19,24.8,56,440,364,126,934,1049,36.7,1718787600,5.7,209,6.0,1718802000,31.5,1718748000,0.0,0.0,997,final,60,1000,0,0,262,1280,10110,8379,6027,33.7,1718735400,209,11.2,4.7,Dholka,22.7212505077608,72.448905310359
39,2024-06-20,24.8,56,439,364,126,933,1049,40.0,1718874000,8.1,198,6.4,1718823600,30.7,1718845200,4.8,4.8,995,final,58,998,0,0,354,1280,10108,8378,8139,34.5,1718821800,198,12.4,4.6,Dholka,22.7212505077608,72.448905310359
43,2024-06-21,24.9,56,439,364,126,933,1049,39.3,1718960400,10.4,208,5.6,1718985600,31.5,1718920800,13.0,13.0,997,final,58,1000,0,0,357,1279,10106,8377,8205,34.6,1718908200,208,9.6,4.1,Dholka,22.7212505077608,72.448905310359
35,2024-06-22,23.9,56,439,364,126,933,1049,39.3,1719057600,10.8,244,4.4,1718996400,31.1,1719007200,0.0,0.0,996,final,55,999,0,0,329,1279,10103,8375,7564,34.5,1718994600,244,8.0,2.9,Dholka,22.7212505077608,72.448905310359
58,2024-06-23,24.7,56,439,364,126,933,1049,37.4,1719144000,9.2,237,4.0,1719104400,29.6,1719104400,0.8,0.8,996,final,61,999,0,0,226,1279,10101,8374,5206,33.4,1719081000,237,6.8,1.7,Dholka,22.7212505077608,72.448905310359
92,2024-06-24,25.5,56,439,364,126,933,1049,35.2,1719219600,4.1,231,3.6,1719180000,29.3,1719194400,5.0,5.0,995,final,69,998,0,0,116,1279,10098,8372,2676,32.0,1719167400,231,7.2,1.4,Dholka,22.7212505077608,72.448905310359
94,2024-06-25,26.5,56,439,364,126,933,1048,33.7,1719306000,4.4,182,3.2,1719255600,28.1,1719255600,49.8,49.8,994,final,78,997,0,0,138,1278,10096,8370,3178,31.0,1719253800,182,6.8,2.6,Dholka,22.7212505077608,72.448905310359
84,2024-06-26,26.2,56,439,364,126,933,1048,37.4,1719392400,8.1,182,4.4,1719385200,29.6,1719363600,0.0,0.0,994,final,70,996,0,0,250,1278,10093,8368,5746,32.7,1719340200,182,7.2,2.8,Dholka,22.7212505077608,72.448905310359
99,2024-06-27,26.3,56,439,364,126,933,1048,33.7,1719478800,3.7,157,6.0,1719482400,29.6,1719450000,0.0,0.0,995,final,76,998,0,0,96,1278,10090,8366,2204,31.1,1719426600,157,11.2,4.2,Dholka,22.7212505077608,72.448905310359
99,2024-06-28,26.6,56,439,364,126,933,1048,34.4,1719565200,3.9,163,6.0,1719583200,28.9,1719579600,5.0,5.0,996,final,81,999,0,0,94,1277,10086,8364,2152,30.2,1719513000,163,12.0,4.5,Dholka,22.7212505077608,72.448905310359
99,2024-06-29,26.8,56,438,364,126,933,1048,32.6,1719640800,3.7,188,5.6,1719658800,28.1,1719658800,8.5,8.5,997,final,85,1000,0,0,94,1277,10083,8361,2173,29.6,1719599400,188,10.8,4.2,Dholka,22.7212505077608,72.448905310359
87,2024-06-30,27.0,55,438,363,126,933,1048,31.5,1719727200,6.9,189,4.8,1719723600,28.5,1719741600,21.5,21.5,997,final,87,1000,0,0,201,1276,10079,8358,4628,29.3,1719685800,189,11.2,3.5,Dholka,22.7212505077608,72.448905310359
96,2024-07-01,26.5,55,438,363,126,933,1048,32.6,1719777600,4.9,188,5.2,1719777600,27.4,1719831600,3.5,3.5,995,final,86,998,0,0,118,1276,10076,8356,2717,29.1,1719772200,188,12.4,4.0,Dholka,22.7212505077608,72.448905310359
100,2024-07-02,25.8,55,438,363,126,933,1048,31.1,1719918000,3.8,211,5.2,1719892800,26.3,1719882000,9.3,9.3,994,final,85,997,0,0,67,1276,10072,8352,1540,28.5,1719858600,211,10.8,3.7,Dholka,22.7212505077608,72.448905310359
95,2024-07-03,26.7,55,438,363,126,933,1048,33.7,1720008000,6.8,214,5.2,1719982800,28.1,1719946800,1.5,1.5,996,final,79,998,0,0,159,1275,10068,8349,3662,30.8,1719945000,214,10.4,4.2,Dholka,22.7212505077608,72.448905310359
99,2024-07-04,26.6,55,438,363,126,933,1048,34.1,1720083600,3.7,216,4.0,1720076400,29.3,1720044000,17.5,17.5,997,final,77,1000,0,0,95,1275,10064,8346,2189,31.1,1720031400,216,9.6,3.4,Dholka,22.7212505077608,72.448905310359
100,2024-07-05,26.6,55,437,363,126,933,1048,31.5,1720173600,3.7,208,3.6,1720184400,28.5,1720126800,20.8,20.8,996,final,83,999,0,0,79,1274,10059,8342,1826,29.7,1720117800,208,8.0,2.8,Dholka,22.7212505077608,72.448905310359
98,2024-07-06,26.4,55,437,363,126,933,1048,34.4,1720263600,4.0,205,4.8,1720249200,28.1,1720206000,1.3,1.3,994,final,78,997,0,0,115,1274,10055,8339,2637,30.9,1720204200,205,9.2,3.6,Dholka,22.7212505077608,72.448905310359
87,2024-07-07,26.0,55,437,362,126,933,1047,34.8,1720342800,6.6,208,4.8,1720335600,28.9,1720314000,0.5,0.5,996,final,72,999,0,0,211,1273,10050,8335,4849,31.7,1720290600,208,10.4,3.7,Dholka,22.7212505077608,72.448905310359
92,2024-07-08,26.0,55,437,362,126,933,1047,35.2,1720440000,3.8,208,3.2,1720454400,29.3,1720389600,0.3,0.3,997,final,71,1000,0,0,121,1273,10045,8331,2788,32.1,1720377000,208,6.4,1.7,Dholka,22.7212505077608,72.448905310359
77,2024-07-09,27.4,55,437,362,126,933,1047,32.6,1720512000,6.0,197,2.8,1720515600,27.8,1720476000,27.0,27.0,998,final,85,1001,0,0,256,1272,10040,8326,5880,30.1,1720463400,197,4.8,1.5,Dholka,22.7212505077608,72.448905310359
69,2024-07-10,26.6,55,436,362,126,933,1047,34.1,1720602000,7.6,188,4.4,1720551600,27.4,1720566000,1.0,1.0,1001,final,81,1003,0,0,274,1271,10035,8322,6295,30.4,1720549800,188,8.4,3.3,Dholka,22.7212505077608,72.448905310359
92,2024-07-11,26.3,55,436,362,126,933,1047,33.0,1720688400,4.1,226,3.6,1720702800,28.9,1720648800,2.8,2.8,1000,final,79,1002,0,0,162,1271,10030,8317,3718,30.5,1720636200,226,8.0,3.1,Dholka,22.7212505077608,72.448905310359
83,2024-07-12,26.5,55,436,361,126,933,1047,33.7,1720774800,6.6,232,4.8,1720800000,29.3,1720800000,6.0,6.0,997,final,79,1000,0,0,252,1270,10025,8312,5793,30.7,1720722600,232,10.4,3.8,Dholka,22.7212505077608,72.448905310359
71,2024-07-13,26.0,55,436,361,126,933,1047,34.4,1720872000,5.7,232,4.0,1720814400,27.8,1720832400,2.5,2.5,997,final,75,999,0,0,270,1269,10019,8307,6215,31.2,1720809000,232,9.2,2.9,Dholka,22.7212505077608,72.448905310359
49,2024-07-14,26.5,55,435,361,126,933,1047,34.8,1720947600,7.2,221,3.6,1720897200,28.5,1720911600,4.3,4.3,996,final,76,998,0,0,331,1269,10013,8302,7613,31.5,1720895400,221,7.2,2.7,Dholka,22.7212505077608,72.448905310359
94,2024-07-15,26.6,55,435,361,126,933,1047,31.5,1721023200,4.1,263,3.2,1721026800,27.8,1721041200,28.0,28.0,996,final,83,999,0,0,100,1268,10007,8297,2292,29.8,1720981800,263,6.0,2.3,Dholka,22.7212505077608,72.448905310359
94,2024-07-16,26.8,55,435,360,126,933,1047,34.4,1721127600,4.0,212,4.0,1721145600,26.7,1721080800,4.8,4.8,996,final,85,998,0,0,102,1267,10001,8291,2336,29.8,1721068200,212,8.4,2.1,Dholka,22.7212505077608,72.448905310359
90,2024-07-17,26.4,55,435,360,126,933,1047,33.0,1721214000,4.2,167,4.8,1721188800,27.8,1721178000,1.8,1.8,996,final,82,999,0,0,148,1267,9995,8285,3415,29.9,1721154600,167,7.6,3.7,Dholka,22.7212505077608,72.448905310359
77,2024-07-18,26.7,55,434,360,126,933,1047,33.7,1721300400,5.9,173,4.0,1721322000,28.5,1721260800,1.3,1.3,996,final,80,998,0,0,235,1266,9988,8279,5414,30.7,1721241000,173,8.8,3.0,Dholka,22.7212505077608,72.448905310359
82,2024-07-19,26.4,55,434,360,126,933,1047,32.2,1721383200,7.4,152,4.8,1721329200,27.8,1721350800,0.0,0.0,994,final,84,997,0,0,233,1265,9982,8272,5365,29.5,1721327400,152,10.0,3.5,Dholka,22.7212505077608,72.448905310359
94,2024-07-20,26.6,55,434,359,126,933,1047,33.0,1721466000,5.3,168,4.0,1721484000,28.1,1721430000,1.0,1.0,995,final,82,998,0,0,169,1264,9975,8266,3886,30.1,1721413800,168,8.4,3.4,Dholka,22.7212505077608,72.448905310359
96,2024-07-21,26.6,55,433,359,126,933,1047,34.1,1721556000,4.2,191,4.0,1721523600,28.1,1721512800,0.0,0.0,996,final,80,998,0,0,130,1263,9968,8259,2997,30.6,1721500200,191,7.2,2.4,Dholka,22.7212505077608,72.448905310359
99,2024-07-22,26.7,55,433,359,126,934,1047,31.9,1721638800,3.7,213,4.8,1721653200,27.8,1721610000,6.3,6.3,997,final,86,999,0,0,88,1263,9961,8251,2020,29.4,1721586600,213,7.6,2.9,Dholka,22.7212505077608,72.448905310359
98,2024-07-23,26.2,55,433,358,126,934,1047,31.1,1721714400,3.7,216,6.4,1721736000,27.8,1721696400,10.0,10.0,997,final,84,1000,0,0,113,1262,9954,8244,2602,29.2,1721673000,216,12.0,4.3,Dholka,22.7212505077608,72.448905310359
100,2024-07-24,26.3,55,432,358,126,934,1047,27.8,1721808000,3.7,232,6.0,1721815200,26.7,1721775600,54.8,54.8,995,final,94,998,0,0,36,1261,9946,8236,835,27.2,1721759400,232,9.2,4.0,Dholka,22.7212505077608,72.448905310359
100,2024-07-25,26.3,55,432,358,126,934,1047,30.0,1721898000,3.7,234,4.4,1721883600,27.0,1721862000,4.5,4.5,994,final,89,997,0,0,63,1260,9939,8228,1457,28.3,1721845800,234,7.6,3.7,Dholka,22.7212505077608,72.448905310359
98,2024-07-26,26.0,55,432,357,126,934,1047,30.7,1721984400,4.6,232,5.2,1721944800,27.8,1721944800,3.8,3.8,995,final,84,998,0,0,117,1259,9931,8220,2684,29.0,1721932200,232,10.4,3.6,Dholka,22.7212505077608,72.448905310359
100,2024-07-27,26.1,55,431,357,126,934,1047,30.7,1722070800,3.7,232,4.8,1722063600,27.4,1722031200,8.5,8.5,997,final,86,1000,0,0,76,1258,9923,8211,1745,28.7,1722018600,232,9.6,3.1,Dholka,22.7212505077608,72.448905310359
99,2024-07-28,26.2,55,431,357,126,934,1047,32.6,1722168000,3.9,231,3.6,1722182400,27.0,1722106800,2.5,2.5,995,final,84,998,0,0,97,1257,9914,8202,2237,29.4,1722105000,231,6.8,2.4,Dholka,22.7212505077608,72.448905310359
99,2024-07-29,26.8,55,431,356,126,935,1046,28.5,1722196800,3.7,232,4.4,1722247200,27.4,1722268800,63.0,63.0,994,final,94,996,0,0,36,1256,9906,8193,819,27.9,1722191400,232,8.0,3.0,Dholka,22.7212505077608,72.448905310359
84,2024-07-30,25.8,55,430,356,126,935,1046,32.2,1722330000,6.1,208,3.6,1722322800,26.3,1722301200,11.0,11.0,997,final,83,1000,0,0,214,1255,9897,8183,4912,29.1,1722277800,208,7.2,3.0,Dholka,22.7212505077608,72.448905310359
87,2024-07-31,26.1,55,430,355,126,935,1046,33.0,1722420000,4.2,230,4.4,1722412800,27.8,1722441600,0.3,0.3,999,final,82,1002,0,0,145,1254,9888,8173,3332,29.7,1722364200,230,9.6,3.2,Dholka,22.7212505077608,72.448905310359
100,2024-08-01,25.7,54,430,355,126,935,1046,31.5,1722466800,3.7,225,4.4,1722466800,27.0,1722474000,8.3,8.3,999,final,83,1001,0,0,82,1253,9879,8163,1895,29.1,1722450600,225,10.8,3.6,Dholka,22.7212505077608,72.448905310359
100,2024-08-02,25.7,54,429,354,126,935,1046,30.7,1722578400,3.7,228,5.2,1722582000,27.0,1722560400,11.5,11.5,998,final,85,1000,0,0,80,1252,9870,8153,1841,28.4,1722537000,228,13.2,3.9,Dholka,22.7212505077608,72.448905310359
99,2024-08-03,26.0,54,429,354,126,935,1046,30.7,1722675600,4.0,232,5.6,1722679200,26.7,1722636000,13.3,13.3,998,final,89,1000,0,0,84,1250,9860,8142,1938,28.0,1722623400,232,12.0,4.1,Dholka,22.7212505077608,72.448905310359
100,2024-08-04,26.0,54,428,353,126,935,1045,30.4,1722769200,3.7,225,5.2,1722747600,26.7,1722711600,11.3,11.3,999,final,87,1001,0,0,75,1249,9850,8130,1725,28.4,1722709800,225,10.8,4.0,Dholka,22.7212505077608,72.448905310359
95,2024-08-05,25.7,54,428,353,126,936,1045,31.1,1722859200,3.7,227,4.4,1722830400,27.0,1722816000,10.0,10.0,1000,final,84,1003,0,0,98,1248,9840,8119,2263,28.7,1722796200,227,10.0,3.5,Dholka,22.7212505077608,72.448905310359
75,2024-08-06,25.3,54,427,352,126,936,1045,31.1,1722934800,5.5,232,4.8,1722942000,26.7,1722906000,1.0,1.0,1000,final,83,1003,0,0,215,1247,9830,8107,4947,28.6,1722882600,232,12.4,3.8,Dholka,22.7212505077608,72.448905310359
89,2024-08-07,24.9,54,427,352,126,936,1044,31.9,1723032000,4.8,235,5.6,1723014000,26.7,1722985200,1.0,1.0,1001,final,78,1004,0,0,170,1245,9820,8094,3915,29.2,1722969000,235,10.0,3.9,Dholka,22.7212505077608,72.448905310359
86,2024-08-08,24.8,54,426,351,126,936,1044,32.2,1723118400,5.5,233,4.4,1723057200,26.7,1723078800,0.0,0.0,1002,final,77,1005,0,0,238,1244,9809,8082,5471,29.4,1723055400,233,9.2,3.5,Dholka,22.7212505077608,72.448905310359
96,2024-08-09,25.5,54,426,351,126,936,1044,31.1,1723194000,4.8,232,4.4,1723197600,27.0,1723201200,18.8,18.8,1003,final,82,1006,0,0,148,1243,9798,8069,3406,28.8,1723141800,232,8.4,2.8,Dholka,22.7212505077608,72.448905310359
97,2024-08-10,25.6,54,426,350,126,936,1043,31.5,1723276800,4.0,232,3.6,1723280400,26.3,1723230000,3.5,3.5,1003,final,86,1006,0,0,118,1241,9787,8055,2709,28.3,1723228200,232,9.2,2.9,Dholka,22.7212505077608,72.448905310359
96,2024-08-11,25.1,54,425,350,126,937,1043,31.5,1723377600,3.7,231,4.0,1723348800,26.7,1723338000,0.8,0.8,1001,final,83,1004,0,0,109,1240,9775,8041,2518,28.3,1723314600,231,10.4,3.1,Dholka,22.7212505077608,72.448905310359
92,2024-08-12,25.6,54,424,349,126,937,1042,30.7,1723456800,6.0,226,3.2,1723456800,26.7,1723406400,2.0,2.0,1001,final,86,1004,0,0,181,1238,9763,8027,4152,28.3,1723401000,226,8.8,2.4,Dholka,22.7212505077608,72.448905310359
89,2024-08-13,25.6,54,424,348,126,937,1042,32.2,1723539600,4.1,212,2.8,1723564800,27.0,1723500000,1.3,1.3,1002,final,82,1005,0,0,118,1237,9751,8012,2716,29.3,1723487400,212,6.8,2.5,Dholka,22.7212505077608,72.448905310359
96,2024-08-14,26.1,54,423,348,126,937,1041,33.0,1723633200,3.6,220,3.6,1723644000,27.4,1723586400,0.3,0.3,1002,final,82,1005,0,0,94,1235,9739,7997,2167,29.6,1723573800,220,6.8,2.2,Dholka,22.7212505077608,72.448905310359
94,2024-08-15,25.5,54,423,347,126,937,1041,32.2,1723719600,3.8,237,3.2,1723662000,27.0,1723683600,0.0,0.0,1001,final,79,1004,0,0,123,1234,9726,7981,2835,29.6,1723660200,237,6.8,2.4,Dholka,22.7212505077608,72.448905310359
97,2024-08-16,25.3,54,422,346,126,937,1040,33.0,1723798800,3.7,219,4.0,1723795200,27.4,1723773600,4.3,4.3,1000,final,78,1003,0,0,102,1232,9713,7965,2336,29.6,1723746600,219,8.8,2.9,Dholka,22.7212505077608,72.448905310359
99,2024-08-17,25.3,53,422,346,126,937,1039,32.6,1723885200,3.7,208,3.2,1723914000,27.4,1723845600,0.5,0.5,1002,final,78,1005,0,0,93,1230,9700,7949,2129,29.7,1723833000,208,8.0,2.6,Dholka,22.7212505077608,72.448905310359
91,2024-08-18,25.1,53,421,345,126,938,1038,34.4,1723978800,4.6,226,2.4,1723935600,27.4,1723921200,0.3,0.3,1003,final,74,1006,0,0,164,1229,9686,7932,3764,30.6,1723919400,226,6.4,1.8,Dholka,22.7212505077608,72.448905310359
88,2024-08-19,25.6,53,421,344,126,938,1038,34.8,1724058000,3.7,270,2.4,1724065200,27.8,1724029200,0.0,0.0,1002,final,73,1005,0,0,140,1227,9672,7915,3225,31.4,1724005800,270,4.8,1.7,Dholka,22.7212505077608,72.448905310359
83,2024-08-20,25.7,53,420,343,126,938,1037,34.1,1724144400,8.3,254,3.2,1724130000,28.1,1724108400,2.8,2.8,1002,final,75,1005,0,0,278,1225,9658,7897,6387,30.7,1724092200,254,5.6,2.0,Dholka,22.7212505077608,72.448905310359
93,2024-08-21,25.9,53,419,343,126,938,1036,32.2,1724223600,6.7,248,3.2,1724191200,27.4,1724191200,5.8,5.8,1003,final,80,1005,0,0,179,1223,9644,7879,4119,30.0,1724178600,248,4.8,1.7,Dholka,22.7212505077608,72.448905310359
94,2024-08-22,26.5,53,419,342,126,938,1035,33.3,1724306400,5.2,232,2.0,1724310000,28.1,1724313600,13.3,13.3,1002,final,79,1004,0,0,167,1221,9629,7860,3846,30.6,1724265000,232,4.8,1.1,Dholka,22.7212505077608,72.448905310359
100,2024-08-23,26.3,53,418,341,126,938,1034,30.4,1724389200,3.6,214,2.4,1724396400,27.0,1724396400,23.8,23.8,1002,final,86,1005,0,0,75,1219,9613,7841,1731,28.9,1724351400,214,4.8,1.5,Dholka,22.7212505077608,72.448905310359
99,2024-08-24,26.2,53,417,340,126,938,1033,28.5,1724497200,3.6,256,3.6,1724482800,26.3,1724472000,33.5,33.5,1001,final,93,1004,0,0,62,1217,9598,7821,1420,27.6,1724437800,256,6.8,2.4,Dholka,22.7212505077608,72.448905310359
100,2024-08-25,25.7,53,417,339,126,939,1032,27.4,1724576400,3.6,275,5.6,1724590800,25.6,1724536800,22.0,22.0,998,final,95,1001,0,0,34,1215,9581,7801,780,26.5,1724524200,275,10.0,4.5,Dholka,22.7212505077608,72.448905310359
100,2024-08-26,25.1,53,416,338,126,939,1031,27.0,1724659200,3.6,263,8.0,1724684400,25.2,1724623200,91.3,91.3,994,final,95,996,0,0,35,1213,9565,7781,806,25.9,1724610600,263,15.2,6.0,Dholka,22.7212505077608,72.448905310359
100,2024-08-27,24.7,53,415,337,126,939,1030,27.0,1724742000,3.5,191,8.8,1724745600,25.2,1724720400,69.3,69.3,995,final,92,998,0,0,47,1211,9548,7760,1088,26.1,1724697000,191,18.0,7.0,Dholka,22.7212505077608,72.448905310359
99,2024-08-28,25.2,53,414,336,126,939,1029,29.6,1724824800,3.5,182,8.0,1724832000,25.9,1724796000,10.5,10.5,996,final,89,999,0,0,60,1209,9531,7738,1387,27.2,1724783400,182,16.8,6.6,Dholka,22.7212505077608,72.448905310359
92,2024-08-29,25.3,52,414,336,126,939,1027,30.0,1724907600,4.7,184,7.2,1724922000,26.7,1724936400,7.5,7.5,998,final,86,1000,0,0,168,1206,9513,7717,3875,27.9,1724869800,184,16.0,5.6,Dholka,22.7212505077608,72.448905310359
48,2024-08-30,25.4,52,413,335,126,939,1026,31.5,1725008400,8.0,172,6.0,1725012000,25.9,1724958000,1.5,1.5,1001,final,83,1004,0,0,299,1204,9495,7694,6877,28.6,1724956200,172,11.6,4.3,Dholka,22.7212505077608,72.448905310359
34,2024-08-31,25.6,52,412,334,126,939,1025,32.6,1725094800,7.0,196,2.8,1725102000,25.9,1725055200,4.5,4.5,1003,final,83,1006,0,0,300,1202,9476,7671,6899,29.0,1725042600,196,5.6,1.7,Dholka,22.7212505077608,72.448905310359
85,2024-09-01,25.3,52,411,333,126,939,1023,33.7,1725145200,5.4,251,3.2,1725145200,26.7,1725152400,3.3,3.3,1003,final,78,1006,0,0,190,1199,9457,7648,4366,29.9,1725129000,251,6.4,2.1,Dholka,22.7212505077608,72.448905310359
100,2024-09-02,25.8,52,410,331,126,939,1022,30.7,1725220800,3.6,292,4.0,1725228000,27.8,1725282000,46.5,46.5,1002,final,85,1004,0,0,71,1197,9437,7624,1637,28.6,1725215400,292,6.8,2.9,Dholka,22.7212505077608,72.448905310359
100,2024-09-03,25.7,52,409,330,126,939,1020,28.1,1725354000,3.5,285,2.8,1725357600,25.9,1725307200,45.8,45.8,1002,final,93,1005,0,0,40,1194,9417,7600,930,26.8,1725301800,285,4.8,1.7,Dholka,22.7212505077608,72.448905310359
91,2024-09-04,25.7,52,409,329,126,939,1019,31.5,1725433200,4.2,256,4.0,1725436800,25.9,1725411600,7.3,7.3,1002,final,88,1005,0,0,128,1191,9396,7576,2952,28.0,1725388200,256,9.2,2.5,Dholka,22.7212505077608,72.448905310359
91,2024-09-05,25.4,52,408,328,126,939,1017,30.4,1725516000,4.4,239,3.6,1725508800,25.9,1725498000,5.8,5.8,1000,final,88,1003,0,0,138,1189,9375,7551,3166,27.7,1725474600,239,8.8,2.6,Dholka,22.7212505077608,72.448905310359
92,2024-09-06,26.0,52,407,327,125,939,1015,31.1,1725616800,4.0,249,3.2,1725616800,26.3,1725584400,19.8,19.8,1001,final,89,1004,0,0,123,1186,9354,7525,2840,28.1,1725561000,249,6.4,2.3,Dholka,22.7212505077608,72.448905310359
63,2024-09-07,24.9,51,406,326,125,939,1014,32.6,1725699600,4.7,258,4.0,1725649200,25.9,1725660000,1.3,1.3,1003,final,80,1005,0,0,199,1183,9331,7499,4583,29.0,1725647400,258,7.2,2.4,Dholka,22.7212505077608,72.448905310359
62,2024-09-08,25.2,51,405,325,125,939,1012,33.3,1725782400,8.1,260,2.8,1725782400,27.0,1725746400,1.5,1.5,1003,final,78,1006,0,0,291,1180,9309,7473,6685,29.5,1725733800,260,7.2,2.2,Dholka,22.7212505077608,72.448905310359
36,2024-09-09,25.3,51,404,324,125,939,1010,33.3,1725872400,7.9,274,4.4,1725879600,27.4,1725843600,0.5,0.5,1001,final,77,1003,0,0,307,1177,9286,7446,7063,29.9,1725820200,274,7.6,2.6,Dholka,22.7212505077608,72.448905310359
62,2024-09-10,25.0,51,403,323,125,939,1008,32.2,1725969600,7.4,274,4.0,1725922800,27.0,1725955200,0.5,0.5,999,final,78,1002,0,0,271,1174,9262,7419,6225,29.3,1725906600,274,8.4,2.6,Dholka,22.7212505077608,72.448905310359
99,2024-09-11,25.0,51,402,321,125,939,1006,31.9,1726056000,3.4,262,4.0,1726048800,27.4,1726016400,2.3,2.3,1000,final,79,1003,0,0,84,1171,9238,7391,1921,29.1,1725993000,262,7.6,2.9,Dholka,22.7212505077608,72.448905310359
72,2024-09-12,24.2,51,401,320,125,939,1004,33.0,1726138800,6.7,238,4.4,1726113600,27.0,1726102800,0.0,0.0,1002,final,75,1004,0,0,261,1167,9213,7363,6010,29.4,1726079400,238,8.8,3.2,Dholka,22.7212505077608,72.448905310359
65,2024-09-13,23.8,51,399,319,125,939,1002,32.6,1726232400,5.1,227,4.8,1726232400,26.3,1726189200,0.0,0.0,1003,final,75,1005,0,0,193,1164,9188,7335,4441,29.0,1726165800,227,9.2,3.4,Dholka,22.7212505077608,72.448905310359
32,2024-09-14,24.1,50,398,318,125,939,999,31.9,1726254000,7.2,209,4.4,1726254000,24.8,1726275600,0.0,0.0,1002,final,80,1005,0,0,301,1161,9163,7306,6930,28.1,1726252200,209,8.8,3.0,Dholka,22.7212505077608,72.448905310359
46,2024-09-15,23.7,50,397,316,125,939,997,32.2,1726387200,6.8,257,3.6,1726394400,25.2,1726351200,0.0,0.0,1003,final,77,1006,0,0,276,1157,9137,7277,6341,28.4,1726338600,257,6.8,2.4,Dholka,22.7212505077608,72.448905310359
23,2024-09-16,23.2,50,396,315,125,939,995,32.6,1726477200,8.5,280,3.2,1726470000,25.2,1726448400,0.0,0.0,1005,final,74,1007,0,0,312,1153,9111,7247,7187,28.7,1726425000,280,6.4,2.2,Dholka,22.7212505077608,72.448905310359
20,2024-09-17,23.4,50,395,314,125,939,992,32.6,1726563600,7.3,292,2.8,1726513200,25.2,1726534800,0.0,0.0,1005,final,72,1008,0,0,307,1150,9085,7217,7069,29.2,1726511400,292,5.6,2.0,Dholka,22.7212505077608,72.448905310359
38,2024-09-18,24.2,50,394,312,125,939,990,32.6,1726650000,7.7,294,3.6,1726642800,26.3,1726610400,6.3,6.3,1003,final,76,1006,0,0,303,1146,9058,7187,6975,29.0,1726597800,294,7.6,2.5,Dholka,22.7212505077608,72.448905310359
29,2024-09-19,24.0,50,393,311,125,939,987,34.1,1726736400,10.0,264,2.8,1726732800,26.7,1726696800,0.0,0.0,1003,final,71,1006,0,0,308,1142,9032,7157,7093,29.9,1726684200,264,6.4,2.1,Dholka,22.7212505077608,72.448905310359
12,2024-09-20,24.6,49,392,310,125,938,985,34.1,1726822800,9.4,252,2.8,1726808400,26.7,1726794000,0.0,0.0,1003,final,74,1006,0,0,308,1138,9006,7126,7087,30.0,1726770600,252,7.6,2.3,Dholka,22.7212505077608,72.448905310359
25,2024-09-21,25.5,49,390,308,125,938,982,33.7,1726909200,8.8,261,3.2,1726869600,27.0,1726876800,0.0,0.0,1004,final,77,1007,0,0,235,1134,8981,7095,5404,30.2,1726857000,261,6.4,2.0,Dholka,22.7212505077608,72.448905310359
15,2024-09-22,25.4,49,389,307,124,938,980,34.1,1726995600,8.1,291,2.8,1726956000,27.4,1726966800,0.0,0.0,1004,final,76,1007,0,0,304,1129,8957,7064,7001,30.2,1726943400,291,6.4,2.1,Dholka,22.7212505077608,72.448905310359
71,2024-09-23,25.2,49,388,306,124,938,977,34.4,1727082000,5.6,308,3.2,1727085600,27.4,1727053200,1.5,1.5,1003,final,73,1006,0,0,243,1125,8935,7033,5590,30.7,1727029800,308,7.2,2.5,Dholka,22.7212505077608,72.448905310359
68,2024-09-24,25.4,49,388,304,124,938,974,34.8,1727168400,7.5,302,3.2,1727179200,27.4,1727139600,5.0,5.0,1001,final,73,1004,0,0,254,1121,8916,7002,5836,30.8,1727116200,302,7.2,2.5,Dholka,22.7212505077608,72.448905310359
80,2024-09-25,25.9,49,387,303,124,938,971,34.4,1727254800,5.7,249,3.2,1727280000,27.4,1727283600,15.8,15.8,1000,final,79,1003,0,0,252,1117,8899,6970,5806,30.1,1727202600,249,6.4,1.7,Dholka,22.7212505077608,72.448905310359
99,2024-09-26,25.9,48,386,302,124,937,968,30.7,1727341200,3.1,204,3.6,1727344800,25.6,1727348400,22.8,22.8,1000,final,87,1003,0,0,72,1112,8887,6939,1662,28.3,1727289000,204,6.8,1.9,Dholka,22.7212505077608,72.448905310359
99,2024-09-27,26.0,48,386,300,124,937,965,29.3,1727438400,3.3,277,2.4,1727420400,25.6,1727398800,47.3,47.3,1000,final,94,1003,0,0,52,1110,8875,6907,1206,27.0,1727375400,277,5.6,1.7,Dholka,22.7212505077608,72.448905310359
100,2024-09-28,25.2,48,385,299,124,937,962,30.7,1727514000,3.1,258,2.8,1727521200,25.2,1727463600,21.8,21.8,1003,final,91,1006,0,0,54,1108,8863,6875,1248,27.0,1727461800,258,7.6,2.0,Dholka,22.7212505077608,72.448905310359
94,2024-09-29,25.4,48,385,298,124,937,959,30.0,1727600400,3.2,214,2.4,1727596800,25.2,1727568000,17.3,17.3,1006,final,92,1009,0,0,63,1106,8850,6843,1447,26.9,1727548200,214,4.8,1.4,Dholka,22.7212505077608,72.448905310359
58,2024-09-30,26.1,48,384,296,124,936,956,32.6,1727694000,3.4,260,2.0,1727683200,25.9,1727658000,0.3,0.3,1007,final,85,1010,0,0,146,1103,8838,6810,3352,29.0,1727634600,260,5.2,1.6,Dholka,22.7212505077608,72.448905310359
11,2024-10-01,26.1,48,384,295,124,936,953,34.1,1727737200,8.3,293,2.8,1727737200,27.0,1727744400,0.0,0.0,1005,final,79,1008,0,0,293,1101,8825,6777,6749,30.3,1727721000,293,6.4,2.1,Dholka,22.7212505077608,72.448905310359
9,2024-10-02,26.0,48,383,293,123,936,950,34.4,1727859600,8.5,272,2.4,1727856000,27.8,1727823600,0.0,0.0,1005,final,77,1008,0,0,291,1099,8811,6744,6692,30.7,1727807400,272,6.0,1.9,Dholka,22.7212505077608,72.448905310359
24,2024-10-03,25.3,48,383,292,123,935,947,33.3,1727946000,6.9,252,3.6,1727938800,27.0,1727917200,0.0,0.0,1005,final,77,1008,0,0,255,1097,8798,6710,5870,29.8,1727893800,252,6.8,2.4,Dholka,22.7212505077608,72.448905310359
32,2024-10-04,24.6,48,382,290,123,935,943,32.6,1728032400,7.4,233,3.2,1727992800,25.9,1728003600,0.0,0.0,1005,final,78,1008,0,0,267,1094,8784,6676,6132,29.0,1727980200,233,6.4,2.3,Dholka,22.7212505077608,72.448905310359
26,2024-10-05,24.5,47,381,289,123,935,940,32.6,1728118800,5.5,224,2.4,1728115200,26.7,1728090000,0.0,0.0,1006,final,78,1009,0,0,257,1092,8770,6642,5905,29.0,1728066600,224,5.2,1.8,Dholka,22.7212505077608,72.448905310359
6,2024-10-06,24.5,47,381,287,123,934,937,33.3,1728205200,7.8,100,2.0,1728201600,25.6,1728176400,0.0,0.0,1008,final,78,1011,0,0,287,1089,8755,6607,6592,29.0,1728153000,100,5.2,1.6,Dholka,22.7212505077608,72.448905310359
10,2024-10-07,23.8,47,380,286,123,934,933,35.6,1728291600,9.0,41,2.8,1728288000,25.6,1728252000,0.0,0.0,1008,final,71,1011,0,0,285,1087,8741,6573,6555,30.0,1728239400,41,6.4,2.2,Dholka,22.7212505077608,72.448905310359
25,2024-10-08,23.7,47,379,284,123,934,930,35.9,1728378000,7.3,52,2.4,1728360000,25.6,1728342000,0.0,0.0,1008,final,70,1011,0,0,275,1085,8726,6538,6320,30.3,1728325800,52,6.0,1.9,Dholka,22.7212505077608,72.448905310359
13,2024-10-09,23.1,47,379,283,123,933,926,35.6,1728464400,8.8,62,2.8,1728468000,25.6,1728435600,0.0,0.0,1006,final,68,1009,0,0,283,1082,8710,6502,6502,29.9,1728412200,62,6.0,2.1,Dholka,22.7212505077608,72.448905310359
98,2024-10-10,22.9,47,378,281,122,933,923,28.5,1728550800,2.8,81,4.0,1728500400,25.9,1728579600,14.5,14.5,1006,final,76,1009,0,0,81,1079,8695,6467,1872,27.5,1728498600,81,8.0,2.3,Dholka,22.7212505077608,72.448905310359
90,2024-10-11,22.6,47,377,280,122,932,919,32.2,1728637200,2.8,47,4.4,1728608400,24.4,1728608400,6.0,6.0,1006,final,73,1009,0,0,86,1077,8679,6431,1989,28.1,1728585000,47,8.8,2.8,Dholka,22.7212505077608,72.448905310359
83,2024-10-12,23.7,47,377,278,122,932,915,31.5,1728723600,4.3,65,3.6,1728705600,25.6,1728698400,1.0,1.0,1006,final,77,1009,0,0,193,1074,8662,6396,4429,28.1,1728671400,65,7.6,2.5,Dholka,22.7212505077608,72.448905310359
63,2024-10-13,25.3,47,376,277,122,931,912,31.9,1728806400,4.8,65,2.8,1728802800,25.2,1728774000,6.5,6.5,1006,final,85,1009,0,0,230,1072,8646,6360,5296,28.2,1728757800,65,6.8,2.1,Dholka,22.7212505077608,72.448905310359
75,2024-10-14,25.0,46,375,275,122,931,908,31.9,1728896400,3.0,117,2.4,1728900000,25.9,1728860400,1.5,1.5,1007,final,83,1010,0,0,122,1069,8629,6324,2807,28.5,1728844200,117,5.6,1.7,Dholka,22.7212505077608,72.448905310359
76,2024-10-15,25.1,46,374,273,122,930,904,33.7,1728990000,3.4,109,2.0,1729000800,25.6,1728946800,0.3,0.3,1007,final,77,1010,0,0,145,1066,8612,6288,3341,29.8,1728930600,109,6.0,1.6,Dholka,22.7212505077608,72.448905310359
29,2024-10-16,24.9,46,374,272,122,930,901,34.4,1729069200,7.5,55,2.0,1729051200,26.7,1729033200,1.3,1.3,1006,final,74,1009,0,0,270,1063,8595,6251,6210,30.4,1729017000,55,5.2,1.5,Dholka,22.7212505077608,72.448905310359
29,2024-10-17,22.5,46,373,270,121,929,897,34.8,1729155600,7.7,42,2.4,1729137600,25.2,1729126800,0.3,0.3,1006,final,67,1009,0,0,262,1061,8578,6215,6023,29.4,1729103400,42,5.6,1.8,Dholka,22.7212505077608,72.448905310359
70,2024-10-18,23.3,46,372,269,121,929,893,34.8,1729242000,6.1,62,3.6,1729242000,25.6,1729213200,0.3,0.3,1005,final,69,1008,0,0,228,1058,8560,6179,5244,29.7,1729189800,62,6.4,2.3,Dholka,22.7212505077608,72.448905310359
64,2024-10-19,25.2,46,371,267,121,928,889,33.7,1729324800,6.6,140,2.4,1729332000,25.9,1729299600,0.3,0.3,1007,final,81,1010,0,0,204,1055,8542,6142,4703,29.0,1729276200,140,6.4,1.3,Dholka,22.7212505077608,72.448905310359
36,2024-10-20,25.2,46,371,265,121,928,886,31.9,1729422000,6.3,142,2.4,1729432800,25.6,1729375200,0.0,0.0,1008,final,82,1011,0,0,256,1052,8524,6106,5889,28.6,1729362600,142,6.0,1.5,Dholka,22.7212505077608,72.448905310359
27,2024-10-21,24.6,46,370,264,121,927,882,33.0,1729501200,5.9,157,2.4,1729472400,25.9,1729472400,0.0,0.0,1008,final,79,1011,0,0,257,1049,8505,6069,5900,28.7,1729449000,157,5.6,1.2,Dholka,22.7212505077608,72.448905310359
11,2024-10-22,24.2,46,369,262,121,927,878,33.3,1729584000,7.4,98,2.0,1729591200,24.8,1729558800,2.5,2.5,1008,final,77,1011,0,0,262,1047,8487,6033,6026,28.8,1729535400,98,5.6,1.4,Dholka,22.7212505077608,72.448905310359
6,2024-10-23,23.7,45,368,261,120,926,874,34.8,1729674000,7.5,51,2.4,1729656000,24.8,1729634400,0.3,0.3,1008,final,73,1011,0,0,260,1044,8468,5996,5991,29.4,1729621800,51,6.0,1.7,Dholka,22.7212505077608,72.448905310359
1,2024-10-24,21.4,45,367,259,120,926,870,34.4,1729760400,8.1,107,2.8,1729742400,24.4,1729731600,0.0,0.0,1008,final,66,1011,0,0,259,1041,8449,5960,5960,28.9,1729708200,107,5.6,2.0,Dholka,22.7212505077608,72.448905310359
17,2024-10-25,20.7,45,367,258,120,925,866,34.4,1729846800,5.6,177,2.4,1729850400,22.6,1729814400,0.0,0.0,1008,final,66,1011,0,0,246,1038,8430,5924,5667,28.2,1729794600,177,4.8,1.7,Dholka,22.7212505077608,72.448905310359
12,2024-10-26,21.2,45,366,256,120,924,863,35.2,1729933200,6.9,205,2.4,1729936800,23.3,1729897200,0.0,0.0,1008,final,65,1011,0,0,251,1035,8410,5888,5766,29.2,1729881000,205,4.0,1.1,Dholka,22.7212505077608,72.448905310359
4,2024-10-27,21.3,45,365,254,120,924,859,36.3,1730019600,6.9,281,2.4,1730012400,23.0,1729990800,0.0,0.0,1006,final,66,1009,0,0,252,1032,8391,5852,5807,29.1,1729967400,281,4.0,1.3,Dholka,22.7212505077608,72.448905310359
0,2024-10-28,22.1,45,364,253,120,923,855,36.3,1730106000,7.8,187,2.4,1730109600,23.7,1730077200,0.0,0.0,1004,final,68,1007,0,0,253,1029,8371,5816,5816,29.0,1730053800,187,3.6,1.4,Dholka,22.7212505077608,72.448905310359
0,2024-10-29,22.0,45,363,251,119,923,851,35.9,1730192400,7.7,237,2.0,1730192400,24.8,1730163600,0.0,0.0,1006,final,65,1008,0,0,251,1026,8352,5780,5780,29.9,1730140200,237,4.4,1.3,Dholka,22.7212505077608,72.448905310359
1,2024-10-30,20.5,44,362,250,119,922,847,35.9,1730275200,7.7,146,2.4,1730275200,23.7,1730250000,0.0,0.0,1007,final,61,1010,0,0,250,1023,8332,5744,5744,29.5,1730226600,146,4.8,1.7,Dholka,22.7212505077608,72.448905310359
0,2024-10-31,19.5,44,361,248,119,921,843,36.3,1730365200,7.6,103,2.8,1730347200,22.6,1730329200,0.0,0.0,1009,final,59,1011,0,0,248,1020,8312,5709,5709,28.9,1730313000,103,5.2,1.8,Dholka,22.7212505077608,72.448905310359
0,2024-11-01,17.7,44,361,247,119,921,840,35.9,1730415600,7.5,105,2.4,1730415600,21.5,1730422800,0.0,0.0,1010,final,55,1013,0,0,247,1018,8292,5674,5674,28.6,1730399400,105,5.6,1.9,Dholka,22.7212505077608,72.448905310359
0,2024-11-02,17.1,44,360,245,119,920,836,35.2,1730538000,7.5,164,2.4,1730538000,20.0,1730505600,0.0,0.0,1010,final,55,1013,0,0,245,1015,8272,5639,5639,27.8,1730485800,164,4.4,1.4,Dholka,22.7212505077608,72.448905310359
0,2024-11-03,17.5,44,359,244,119,919,832,35.2,1730628000,7.4,139,2.0,1730606400,20.4,1730595600,0.0,0.0,1010,final,55,1013,0,0,244,1012,8252,5604,5604,28.0,1730572200,139,4.0,1.4,Dholka,22.7212505077608,72.448905310359
0,2024-11-04,18.0,44,358,242,118,919,828,35.2,1730710800,7.3,166,2.4,1730703600,21.5,1730682000,0.0,0.0,1009,final,57,1012,0,0,242,1009,8232,5570,5570,28.2,1730658600,166,4.8,1.4,Dholka,22.7212505077608,72.448905310359
0,2024-11-05,17.8,44,357,241,118,918,825,35.2,1730797200,7.3,134,2.4,1730800800,21.5,1730768400,0.0,0.0,1010,final,58,1013,0,0,241,1006,8212,5536,5536,27.9,1730745000,134,5.2,1.9,Dholka,22.7212505077608,72.448905310359
0,2024-11-06,17.5,44,356,239,118,917,821,34.8,1730883600,7.2,110,2.8,1730887200,21.5,1730847600,0.0,0.0,1011,final,56,1014,0,0,239,1003,8192,5503,5503,27.8,1730831400,110,5.6,2.1,Dholka,22.7212505077608,72.448905310359
0,2024-11-07,18.4,43,355,238,118,917,817,35.2,1730970000,7.2,101,2.4,1730973600,21.5,1730930400,0.0,0.0,1010,final,58,1013,0,0,238,1000,8172,5469,5469,28.2,1730917800,101,5.2,1.3,Dholka,22.7212505077608,72.448905310359
0,2024-11-08,18.6,43,354,236,118,916,814,34.8,1731056400,7.1,196,2.4,1731042000,21.1,1731024000,0.0,0.0,1010,final,60,1013,0,0,236,997,8152,5436,5436,27.9,1731004200,196,4.8,1.3,Dholka,22.7212505077608,72.448905310359
2,2024-11-09,17.5,43,354,235,118,915,810,34.8,1731142800,7.0,166,2.4,1731142800,21.1,1731117600,0.0,0.0,1010,final,57,1013,0,0,235,994,8132,5404,5404,27.4,1731090600,166,5.2,1.7,Dholka,22.7212505077608,72.448905310359
0,2024-11-10,17.2,43,353,234,117,915,807,34.4,1731229200,7.0,155,2.4,1731211200,20.4,1731200400,0.0,0.0,1010,final,58,1013,0,0,234,992,8113,5372,5372,26.8,1731177000,155,4.8,1.5,Dholka,22.7212505077608,72.448905310359
0,2024-11-11,16.3,43,352,232,117,914,803,34.4,1731315600,6.9,144,2.4,1731297600,20.0,1731286800,0.0,0.0,1010,final,55,1013,0,0,232,989,8093,5340,5340,26.9,1731263400,144,5.6,1.6,Dholka,22.7212505077608,72.448905310359
0,2024-11-12,16.5,43,351,231,117,913,800,33.7,1731402000,6.9,138,2.0,1731384000,20.0,1731373200,0.0,0.0,1010,final,56,1013,0,0,231,986,8073,5309,5309,26.6,1731349800,138,5.6,1.4,Dholka,22.7212505077608,72.448905310359
0,2024-11-13,16.9,43,350,229,117,913,796,33.3,1731488400,6.8,97,2.4,1731495600,19.3,1731459600,0.0,0.0,1009,final,62,1011,0,0,229,983,8054,5278,5278,25.5,1731436200,97,5.6,1.8,Dholka,22.7212505077608,72.448905310359
0,2024-11-14,15.9,43,349,228,117,912,793,32.6,1731574800,6.8,76,2.4,1731578400,19.3,1731546000,0.0,0.0,1009,final,58,1012,0,0,228,981,8035,5248,5248,25.5,1731522600,76,6.0,1.9,Dholka,22.7212505077608,72.448905310359
5,2024-11-15,15.4,43,349,227,117,911,790,32.2,1731661200,5.6,56,2.4,1731650400,17.4,1731621600,0.0,0.0,1010,final,60,1013,0,0,226,978,8016,5218,5194,24.4,1731609000,56,4.8,1.7,Dholka,22.7212505077608,72.448905310359
0,2024-11-16,14.9,42,348,226,116,911,786,31.9,1731747600,6.7,51,2.4,1731740400,17.0,1731718800,0.0,0.0,1010,final,58,1012,0,0,226,975,7997,5189,5189,24.6,1731695400,51,4.8,1.6,Dholka,22.7212505077608,72.448905310359
0,2024-11-17,15.0,42,347,224,116,910,783,32.2,1731834000,6.6,49,2.8,1731826800,18.5,1731805200,0.0,0.0,1010,final,59,1012,0,0,224,973,7979,5161,5161,24.3,1731781800,49,6.4,2.3,Dholka,22.7212505077608,72.448905310359
0,2024-11-18,15.0,42,346,223,116,910,780,31.5,1731888000,6.6,45,3.2,1731888000,17.4,1731873600,0.0,0.0,1011,final,61,1013,0,0,223,970,7961,5133,5133,23.6,1731868200,45,7.2,2.4,Dholka,22.7212505077608,72.448905310359
0,2024-11-19,14.7,42,345,222,116,909,777,30.7,1731956400,6.5,39,2.8,1731956400,17.8,1731956400,0.0,0.0,1012,final,60,1015,0,0,222,968,7943,5105,5105,23.5,1731954600,39,6.0,2.2,Dholka,22.7212505077608,72.448905310359
0,2024-11-20,13.8,42,345,221,116,908,774,30.0,1732042800,6.5,45,2.8,1732042800,18.1,1732042800,0.0,0.0,1011,final,57,1014,0,0,221,965,7925,5079,5079,23.1,1732041000,45,6.8,2.2,Dholka,22.7212505077608,72.448905310359
0,2024-11-21,11.8,42,344,220,116,908,771,29.3,1732129200,6.5,42,3.2,1732129200,16.7,1732129200,0.0,0.0,1011,final,55,1014,0,0,220,963,7908,5053,5053,21.8,1732127400,42,6.8,2.6,Dholka,22.7212505077608,72.448905310359
0,2024-11-22,11.8,42,343,219,115,907,768,29.3,1732222800,6.4,46,3.2,1732222800,14.8,1732237200,0.0,0.0,1010,final,57,1013,0,0,219,961,7891,5027,5027,21.2,1732213800,46,6.0,2.5,Dholka,22.7212505077608,72.448905310359
0,2024-11-23,12.7,42,342,217,115,907,765,29.3,1732348800,6.4,51,2.8,1732345200,15.2,1732323600,0.0,0.0,1011,final,60,1014,0,0,217,958,7874,5002,5002,21.2,1732300200,51,5.2,2.2,Dholka,22.7212505077608,72.448905310359
0,2024-11-24,13.6,42,342,216,115,906,763,29.6,1732438800,6.3,45,2.8,1732420800,15.2,1732410000,0.0,0.0,1011,final,63,1014,0,0,216,956,7858,4978,4978,21.5,1732386600,45,5.2,2.2,Dholka,22.7212505077608,72.448905310359
0,2024-11-25,13.5,41,341,215,115,906,760,29.6,1732525200,6.3,51,3.6,1732507200,16.7,1732496400,0.0,0.0,1011,final,61,1014,0,0,215,954,7842,4955,4955,22.1,1732473000,51,7.6,2.6,Dholka,22.7212505077608,72.448905310359
0,2024-11-26,12.6,41,340,214,115,905,757,30.4,1732611600,6.3,52,2.8,1732615200,15.6,1732582800,0.0,0.0,1011,final,59,1014,0,0,214,952,7826,4932,4932,21.9,1732559400,52,6.4,2.4,Dholka,22.7212505077608,72.448905310359
0,2024-11-27,12.9,41,340,214,115,905,755,30.4,1732698000,6.2,56,2.8,1732680000,15.6,1732669200,0.0,0.0,1011,final,59,1013,0,0,214,950,7811,4911,4911,22.0,1732645800,56,5.2,2.2,Dholka,22.7212505077608,72.448905310359
0,2024-11-28,12.8,41,339,213,115,904,753,30.4,1732784400,6.2,60,2.8,1732788000,14.8,1732748400,0.0,0.0,1010,final,58,1013,0,0,213,948,7796,4890,4890,22.1,1732732200,60,6.4,2.5,Dholka,22.7212505077608,72.448905310359
0,2024-11-29,11.8,41,338,212,115,904,750,28.5,1732870800,6.2,55,4.0,1732867200,16.3,1732842000,0.0,0.0,1011,final,56,1014,0,0,212,946,7782,4869,4869,21.7,1732818600,55,7.6,2.8,Dholka,22.7212505077608,72.448905310359
0,2024-11-30,10.3,41,338,211,114,903,748,27.4,1732957200,6.1,45,4.0,1732960800,16.3,1732932000,0.0,0.0,1010,final,52,1013,0,0,211,944,7768,4850,4850,20.8,1732905000,45,8.0,3.2,Dholka,22.7212505077608,72.448905310359
0,2024-12-01,11.0,41,337,210,114,903,746,27.8,1732993200,6.1,50,3.6,1732993200,16.3,1732993200,0.0,0.0,1008,final,54,1011,0,0,210,942,7754,4831,4831,21.0,1732991400,50,8.0,3.1,Dholka,22.7212505077608,72.448905310359
0,2024-12-02,11.7,41,337,209,114,902,744,29.3,1733083200,6.1,53,4.0,1733083200,16.3,1733101200,0.0,0.0,1008,final,53,1011,0,0,209,940,7741,4813,4813,21.9,1733077800,53,8.0,3.1,Dholka,22.7212505077608,72.448905310359
24,2024-12-03,12.6,41,336,209,114,902,742,30.7,1733216400,6.0,48,3.6,1733198400,17.8,1733180400,0.0,0.0,1009,final,52,1012,0,0,208,939,7729,4796,4791,23.3,1733164200,48,7.6,3.1,Dholka,22.7212505077608,72.448905310359
65,2024-12-04,14.1,41,335,208,114,901,740,30.7,1733302800,3.4,39,4.0,1733306400,20.0,1733274000,0.0,0.0,1010,final,55,1013,0,0,108,937,7716,4780,2489,24.2,1733250600,39,8.4,3.3,Dholka,22.7212505077608,72.448905310359
21,2024-12-05,15.0,41,335,207,114,901,738,30.4,1733389200,5.5,95,3.2,1733374800,19.3,1733364000,0.0,0.0,1010,final,58,1013,0,0,204,935,7705,4765,4699,24.1,1733337000,95,6.4,2.5,Dholka,22.7212505077608,72.448905310359
68,2024-12-06,12.7,41,335,207,114,901,737,29.3,1733475600,3.3,142,2.8,1733457600,18.1,1733446800,0.0,0.0,1010,final,55,1013,0,0,128,934,7694,4750,2944,22.7,1733423400,142,6.4,2.5,Dholka,22.7212505077608,72.448905310359
44,2024-12-07,12.5,41,334,206,114,900,735,28.1,1733562000,5.8,310,2.8,1733554800,15.2,1733533200,0.0,0.0,1009,final,60,1012,0,0,201,933,7683,4737,4623,21.0,1733509800,310,6.4,2.1,Dholka,22.7212505077608,72.448905310359
2,2024-12-08,10.2,40,334,205,114,900,734,28.1,1733648400,5.9,311,3.2,1733652000,14.1,1733619600,0.0,0.0,1009,final,56,1012,0,0,205,931,7673,4724,4724,20.3,1733596200,311,6.8,2.5,Dholka,22.7212505077608,72.448905310359
0,2024-12-09,4.1,40,333,205,114,900,732,25.6,1733731200,5.9,93,4.0,1733727600,13.3,1733706000,0.0,0.0,1012,final,40,1015,0,0,205,930,7664,4713,4712,18.4,1733682600,93,8.4,3.0,Dholka,22.7212505077608,72.448905310359
21,2024-12-10,6.5,40,333,204,114,900,731,24.8,1733821200,3.1,46,4.4,1733824800,13.7,1733796000,0.0,0.0,1012,final,47,1015,0,0,175,929,7655,4702,4026,18.3,1733769000,46,9.6,3.5,Dholka,22.7212505077608,72.448905310359
28,2024-12-11,8.2,40,332,204,114,899,730,25.9,1733907600,5.2,43,4.0,1733893200,13.0,1733878800,0.0,0.0,1012,final,52,1015,0,0,195,928,7646,4692,4480,18.5,1733855400,43,8.4,3.1,Dholka,22.7212505077608,72.448905310359
17,2024-12-12,9.1,40,332,204,114,899,729,26.3,1733994000,5.9,20,2.8,1733976000,12.6,1733965200,0.0,0.0,1012,final,56,1015,0,0,200,927,7639,4683,4610,18.4,1733941800,20,6.0,2.4,Dholka,22.7212505077608,72.448905310359
58,2024-12-13,6.8,40,332,203,113,899,728,25.2,1734080400,2.6,47,5.2,1734073200,13.3,1734051600,0.0,0.0,1013,final,48,1016,0,0,119,926,7631,4675,2737,18.5,1734028200,47,10.4,3.9,Dholka,22.7212505077608,72.448905310359
0,2024-12-14,6.4,40,332,203,113,899,727,25.2,1734166800,5.9,61,4.8,1734152400,13.0,1734141600,0.0,0.0,1013,final,46,1016,0,0,203,925,7625,4668,4668,18.7,1734114600,61,9.2,3.6,Dholka,22.7212505077608,72.448905310359
0,2024-12-15,8.6,40,331,203,113,899,726,27.0,1734253200,5.8,60,4.0,1734235200,13.0,1734213600,0.0,0.0,1013,final,52,1016,0,0,203,924,7619,4662,4662,19.0,1734201000,60,8.0,2.9,Dholka,22.7212505077608,72.448905310359
0,2024-12-16,9.7,40,331,202,113,899,726,27.4,1734339600,5.8,105,3.6,1734314400,12.6,1734307200,0.0,0.0,1012,final,56,1015,0,0,202,924,7613,4657,4657,19.0,1734287400,105,6.8,2.4,Dholka,22.7212505077608,72.448905310359
3,2024-12-17,10.4,40,331,202,113,899,725,27.4,1734426000,5.1,246,2.8,1734429600,11.5,1734386400,0.0,0.0,1010,final,63,1013,0,0,202,923,7608,4653,4649,18.4,1734373800,246,5.6,2.2,Dholka,22.7212505077608,72.448905310359
3,2024-12-18,11.7,40,331,202,113,899,725,28.1,1734508800,5.8,163,2.8,1734494400,12.2,1734472800,0.0,0.0,1009,final,63,1012,0,0,202,923,7604,4650,4650,19.3,1734460200,163,5.6,1.9,Dholka,22.7212505077608,72.448905310359
0,2024-12-19,13.6,40,330,202,113,899,725,27.8,1734598800,5.8,240,2.8,1734602400,12.6,1734559200,0.0,0.0,1008,final,71,1011,0,0,202,922,7601,4648,4648,19.7,1734546600,240,4.0,1.7,Dholka,22.7212505077608,72.448905310359
8,2024-12-20,11.0,40,330,202,113,899,724,25.9,1734685200,5.8,332,2.8,1734706800,14.4,1734660000,0.0,0.0,1009,final,61,1012,0,0,202,922,7598,4647,4646,19.2,1734633000,332,6.0,2.2,Dholka,22.7212505077608,72.448905310359
14,2024-12-21,13.4,40,330,202,113,899,724,27.4,1734771600,5.8,87,2.8,1734800400,13.3,1734742800,0.0,0.0,1009,final,68,1012,0,0,202,922,7595,4647,4647,19.7,1734719400,87,6.4,2.2,Dholka,22.7212505077608,72.448905310359
17,2024-12-22,15.2,40,330,202,113,899,724,26.3,1734858000,5.2,137,2.8,1734811200,17.0,1734822000,0.0,0.0,1009,final,70,1012,0,0,200,922,7594,4648,4591,21.0,1734805800,137,6.4,2.3,Dholka,22.7212505077608,72.448905310359
21,2024-12-23,13.2,40,330,202,113,899,725,26.3,1734944400,5.6,293,3.2,1734948000,16.3,1734915600,0.0,0.0,1010,final,65,1013,0,0,202,922,7593,4650,4635,20.6,1734892200,293,6.8,2.3,Dholka,22.7212505077608,72.448905310359
1,2024-12-24,10.5,40,330,202,113,899,725,24.8,1735030800,5.7,332,2.8,1735052400,13.3,1734994800,0.0,0.0,1011,final,62,1014,0,0,202,922,7592,4653,4653,18.4,1734978600,332,6.0,2.2,Dholka,22.7212505077608,72.448905310359
0,2024-12-25,13.8,40,330,202,113,899,725,25.6,1735117200,5.8,78,3.2,1735120800,13.3,1735092000,0.0,0.0,1012,final,72,1015,0,0,202,922,7593,4657,4657,19.3,1735065000,78,6.4,2.4,Dholka,22.7212505077608,72.448905310359
43,2024-12-26,17.0,40,330,203,113,900,726,26.3,1735203600,3.8,151,2.8,1735153200,17.4,1735178400,0.0,0.0,1013,final,76,1016,0,0,186,922,7594,4661,4270,21.5,1735151400,151,6.0,2.0,Dholka,22.7212505077608,72.448905310359
46,2024-12-27,16.9,40,330,203,114,900,726,25.2,1735290000,4.5,290,3.2,1735290000,18.5,1735261200,0.0,0.0,1013,final,76,1016,0,0,167,923,7596,4667,3841,21.5,1735237800,290,6.8,2.2,Dholka,22.7212505077608,72.448905310359
1,2024-12-28,14.5,40,330,203,114,900,727,24.8,1735376400,5.8,340,2.8,1735372800,16.3,1735347600,0.0,0.0,1014,final,71,1016,0,0,203,923,7598,4674,4674,20.0,1735324200,340,7.2,2.3,Dholka,22.7212505077608,72.448905310359
2,2024-12-29,13.6,40,330,204,114,901,728,25.6,1735462800,5.9,53,4.8,1735444800,15.2,1735434000,0.0,0.0,1014,final,68,1017,0,0,203,923,7601,4682,4680,19.7,1735410600,53,9.2,3.2,Dholka,22.7212505077608,72.448905310359
0,2024-12-30,14.3,40,331,204,114,901,729,26.7,1735552800,5.9,43,4.0,1735534800,15.2,1735520400,0.0,0.0,1014,final,71,1017,0,0,204,924,7605,4691,4691,19.8,1735497000,43,8.0,2.6,Dholka,22.7212505077608,72.448905310359
0,2024-12-31,14.4,40,331,204,114,901,730,27.0,1735635600,5.9,171,2.8,1735617600,14.4,1735606800,0.0,0.0,1014,final,73,1017,0,0,204,925,7610,4700,4700,19.6,1735583400,171,6.0,2.0,Dholka,22.7212505077608,72.448905310359
