clouds (%),Date ,dewpt (°C),dhi (W/m²),dni (W/m²),ghi (W/m²),max_dhi (W/m²),max_dni (W/m²),max_ghi (W/m²),max_temp (°C),max_uv (Index),max_wind_dir (°),max_wind_spd (m/s),min_temp (°C),precip (mm),precip_gpm (mm/hr),pres (hPa),rh (%),slp (hPa),solar_rad (W/m²),temp (°C),wind_dir (°),wind_gust_spd (m/s),wind_spd (m/s),market_name (Text),query_lat (°),query_lon (°)
0.0,2024-01-01,18.7,41,342,215,115,912,760,29.6,6.2,190,2.8,19.3,0.0,0.0,998,0.74,1013,215,23.9,190,4.8,1.7,Songadh_Badarpada,21.16,73.56
0.02,2024-01-02,18.7,41,342,215,115,913,761,28.1,6.3,221,2.8,18.5,0.0,0.0,997,0.78,1013,215,22.8,221,5.6,1.8,Songadh_Badarpada,21.16,73.56
0.12,2024-01-03,18.5,41,343,216,115,913,762,27.4,6.1,231,2.8,17.4,0.0,0.0,997,0.82,1013,206,22.0,231,5.6,2.0,Songadh_Badarpada,21.16,73.56
0.03,2024-01-04,17.4,41,343,216,115,913,763,27.8,5.7,152,2.8,17.0,0.0,0.0,997,0.77,1013,216,22.0,152,5.6,1.9,Songadh_Badarpada,21.16,73.56
0.03,2024-01-05,17.0,41,343,217,115,914,765,27.0,5.9,125,3.2,17.8,0.0,0.0,997,0.75,1013,217,22.0,125,6.0,2.4,Songadh_Badarpada,21.16,73.56
0.23,2024-01-06,16.9,42,344,218,115,914,767,27.0,6.1,52,4.4,17.8,0.0,0.0,998,0.74,1014,216,21.9,52,8.8,2.9,Songadh_Badarpada,21.16,73.56
0.4,2024-01-07,18.0,42,344,218,115,915,768,27.4,5.7,72,5.2,20.0,0.0,0.0,998,0.74,1014,217,23.0,72,10.4,3.9,Songadh_Badarpada,21.16,73.56
0.16,2024-01-08,18.5,42,345,219,116,915,770,30.0,6.4,64,4.8,20.0,0.0,0.0,998,0.73,1014,219,23.9,64,9.6,3.4,Songadh_Badarpada,21.16,73.56
0.36,2024-01-09,18.2,42,345,220,116,916,772,28.5,5.1,51,3.2,20.4,0.0,0.0,998,0.71,1014,182,23.9,51,6.0,2.5,Songadh_Badarpada,21.16,73.56
0.12,2024-01-10,19.4,42,345,220,116,916,774,28.5,6.2,45,2.4,20.7,0.0,0.0,998,0.77,1014,220,24.0,45,6.0,2.2,Songadh_Badarpada,21.16,73.56
0.05,2024-01-11,20.1,42,346,221,116,917,776,29.3,6.5,45,2.8,20.4,0.0,0.0,999,0.79,1015,221,24.2,45,6.0,2.3,Songadh_Badarpada,21.16,73.56
0.05,2024-01-12,20.1,42,346,222,116,918,778,31.9,6.5,50,4.0,21.1,0.0,0.0,998,0.74,1014,222,25.3,50,8.0,2.5,Songadh_Badarpada,21.16,73.56
0.0,2024-01-13,19.3,42,347,223,116,918,781,32.2,6.5,208,3.2,19.6,0.0,0.0,999,0.72,1014,223,25.2,208,6.4,2.0,Songadh_Badarpada,21.16,73.56
0.0,2024-01-14,14.8,42,348,224,116,919,783,29.3,6.6,240,2.8,18.1,0.0,0.0,1000,0.63,1015,224,23.1,240,6.0,2.0,Songadh_Badarpada,21.16,73.56
0.0,2024-01-15,12.9,42,348,225,116,919,785,28.1,6.6,150,2.4,17.4,0.0,0.0,999,0.59,1015,225,21.9,150,4.0,1.4,Songadh_Badarpada,21.16,73.56
0.2,2024-01-16,14.2,42,349,226,117,920,788,28.5,6.5,215,2.4,17.4,0.0,0.0,997,0.62,1012,222,22.3,215,4.4,1.2,Songadh_Badarpada,21.16,73.56
0.49,2024-01-17,13.7,42,349,227,117,921,791,27.4,3.8,190,2.4,17.8,0.0,0.0,996,0.6,1012,169,22.2,190,5.6,1.2,Songadh_Badarpada,21.16,73.56
0.05,2024-01-18,14.4,42,350,228,117,921,793,27.4,6.7,134,2.4,17.4,0.3,0.3,997,0.65,1013,227,21.7,134,4.4,1.6,Songadh_Badarpada,21.16,73.56
0.03,2024-01-19,15.0,43,351,229,117,922,796,28.5,6.8,82,4.0,15.6,0.0,0.0,997,0.68,1013,228,21.6,82,8.8,2.7,Songadh_Badarpada,21.16,73.56
0.31,2024-01-20,14.1,43,351,230,117,923,799,28.1,6.7,160,3.6,16.7,0.0,0.0,999,0.62,1014,222,22.0,160,6.4,2.4,Songadh_Badarpada,21.16,73.56
0.61,2024-01-21,11.7,43,352,231,117,924,802,27.4,2.4,48,4.0,17.0,0.0,0.0,1000,0.55,1015,75,21.6,48,8.8,2.9,Songadh_Badarpada,21.16,73.56
0.49,2024-01-22,11.6,43,353,232,117,924,805,27.8,5.2,156,3.6,15.9,0.0,0.0,999,0.55,1015,217,21.4,156,8.8,2.8,Songadh_Badarpada,21.16,73.56
0.0,2024-01-23,9.2,43,353,233,118,925,808,27.4,6.9,83,3.6,14.8,0.0,0.0,1000,0.5,1016,233,20.5,83,8.0,2.5,Songadh_Badarpada,21.16,73.56
0.04,2024-01-24,10.3,43,354,235,118,926,811,27.0,7.0,51,3.6,14.8,0.0,0.0,1000,0.55,1016,235,20.5,51,8.0,2.5,Songadh_Badarpada,21.16,73.56
0.05,2024-01-25,11.0,43,355,236,118,926,814,27.8,7.0,65,4.4,14.4,0.0,0.0,1001,0.56,1017,235,20.9,65,9.6,3.0,Songadh_Badarpada,21.16,73.56
0.26,2024-01-26,12.2,43,356,237,118,927,817,29.6,6.5,66,4.0,16.3,0.0,0.0,1001,0.55,1017,219,22.0,66,8.0,2.8,Songadh_Badarpada,21.16,73.56
0.75,2024-01-27,14.8,43,356,238,118,928,821,30.7,4.4,63,4.4,16.7,0.0,0.0,1001,0.63,1017,152,22.8,63,8.4,2.6,Songadh_Badarpada,21.16,73.56
0.71,2024-01-28,15.2,43,357,240,118,929,824,31.9,3.6,177,3.2,15.9,0.0,0.0,1000,0.66,1016,200,22.9,177,6.0,1.9,Songadh_Badarpada,21.16,73.56
0.46,2024-01-29,14.4,44,358,241,119,929,827,29.3,6.5,184,2.4,17.8,0.0,0.0,1001,0.61,1016,239,23.0,184,5.2,1.6,Songadh_Badarpada,21.16,73.56
0.29,2024-01-30,15.2,44,359,242,119,930,831,29.3,7.0,166,2.4,17.4,0.0,0.0,999,0.65,1015,235,22.5,166,4.4,1.5,Songadh_Badarpada,21.16,73.56
0.82,2024-01-31,15.1,44,360,244,119,931,834,28.9,4.5,227,2.4,18.1,0.0,0.0,999,0.62,1014,144,23.2,227,5.6,1.3,Songadh_Badarpada,21.16,73.56
0.24,2024-02-01,16.3,44,360,245,119,932,838,28.9,7.4,240,2.4,16.7,0.0,0.0,999,0.7,1015,243,22.4,240,5.2,1.7,Songadh_Badarpada,21.16,73.56
0.33,2024-02-02,17.4,44,361,246,119,933,842,28.9,3.2,101,2.4,18.9,0.0,0.0,1000,0.72,1016,182,23.2,101,5.2,1.3,Songadh_Badarpada,21.16,73.56
0.01,2024-02-03,16.7,44,362,248,120,933,845,31.9,7.5,59,3.2,17.8,0.0,0.0,1000,0.66,1016,248,24.2,59,7.2,2.3,Songadh_Badarpada,21.16,73.56
0.0,2024-02-04,17.0,44,363,249,120,934,849,33.3,7.6,158,2.4,18.9,0.0,0.0,1000,0.63,1016,249,25.5,158,4.8,1.8,Songadh_Badarpada,21.16,73.56
0.0,2024-02-05,17.4,44,364,251,120,935,853,31.1,7.6,264,2.8,19.3,0.0,0.0,1000,0.63,1016,251,25.2,264,6.0,2.0,Songadh_Badarpada,21.16,73.56
0.07,2024-02-06,18.7,45,365,252,120,936,856,31.1,7.7,226,2.4,21.5,0.0,0.0,1000,0.66,1016,239,25.8,226,5.6,1.3,Songadh_Badarpada,21.16,73.56
0.18,2024-02-07,17.1,45,365,254,120,936,860,30.4,7.7,192,3.6,20.7,0.0,0.0,1002,0.62,1017,247,25.3,192,6.8,2.0,Songadh_Badarpada,21.16,73.56
0.53,2024-02-08,15.1,45,366,255,120,937,864,28.5,7.3,37,4.8,19.3,0.0,0.0,1001,0.61,1017,209,23.5,37,10.0,2.8,Songadh_Badarpada,21.16,73.56
0.3,2024-02-09,15.3,45,367,257,121,938,868,30.0,7.9,157,3.2,17.8,0.0,0.0,1000,0.62,1016,254,23.6,157,6.8,2.2,Songadh_Badarpada,21.16,73.56
0.03,2024-02-10,13.5,45,368,258,121,939,871,30.0,7.9,241,2.8,17.8,0.0,0.0,1000,0.57,1016,258,23.1,241,5.6,1.9,Songadh_Badarpada,21.16,73.56
0.06,2024-02-11,14.7,45,369,260,121,939,875,30.0,8.0,245,2.4,18.1,0.0,0.0,1001,0.59,1016,260,23.6,245,4.0,1.4,Songadh_Badarpada,21.16,73.56
0.97,2024-02-12,14.8,45,370,261,121,940,879,30.4,2.5,216,2.8,17.8,0.0,0.0,1000,0.59,1016,72,23.9,216,6.0,1.8,Songadh_Badarpada,21.16,73.56
0.98,2024-02-13,14.4,45,371,263,121,941,883,29.3,2.6,235,3.2,18.1,0.0,0.0,1000,0.58,1016,70,23.6,235,6.4,1.5,Songadh_Badarpada,21.16,73.56
0.28,2024-02-14,14.2,46,372,264,122,941,887,30.0,8.1,249,2.4,17.4,0.0,0.0,1000,0.58,1016,259,23.9,249,4.8,1.9,Songadh_Badarpada,21.16,73.56
0.01,2024-02-15,16.3,46,372,266,122,942,891,31.9,8.3,87,4.0,17.8,0.0,0.0,999,0.62,1015,266,24.5,87,9.2,2.7,Songadh_Badarpada,21.16,73.56
0.15,2024-02-16,17.6,46,373,267,122,943,895,33.0,8.1,81,5.2,22.2,0.0,0.0,999,0.58,1014,263,26.8,81,10.8,3.6,Songadh_Badarpada,21.16,73.56
0.22,2024-02-17,17.4,46,374,269,122,943,899,34.4,7.9,155,2.4,21.1,0.0,0.0,997,0.57,1013,256,27.4,155,6.0,1.9,Songadh_Badarpada,21.16,73.56
0.02,2024-02-18,16.5,46,375,271,122,944,902,34.1,8.5,230,3.6,19.6,0.0,0.0,996,0.59,1012,271,26.3,230,6.8,2.0,Songadh_Badarpada,21.16,73.56
0.36,2024-02-19,14.6,46,376,272,122,945,906,33.3,7.1,221,4.4,20.0,0.0,0.0,997,0.53,1012,260,25.7,221,9.2,2.3,Songadh_Badarpada,21.16,73.56
0.13,2024-02-20,15.5,46,377,274,123,945,910,31.9,8.6,231,4.0,18.1,0.0,0.0,997,0.58,1013,274,25.0,231,9.2,2.5,Songadh_Badarpada,21.16,73.56
0.3,2024-02-21,18.2,47,378,275,123,946,914,29.3,7.0,241,4.0,20.4,0.0,0.0,997,0.7,1012,268,24.5,241,8.4,3.1,Songadh_Badarpada,21.16,73.56
0.25,2024-02-22,17.4,47,379,277,123,947,918,28.9,8.8,248,4.0,21.5,0.0,0.0,997,0.68,1013,275,24.5,248,8.8,2.7,Songadh_Badarpada,21.16,73.56
0.21,2024-02-23,14.1,47,380,278,123,947,922,29.3,8.8,229,2.8,18.5,0.0,0.0,998,0.6,1014,276,23.6,229,5.6,1.6,Songadh_Badarpada,21.16,73.56
0.0,2024-02-24,8.5,47,381,280,123,948,925,29.6,8.9,285,3.2,17.0,0.0,0.0,998,0.43,1014,280,23.0,285,6.8,2.4,Songadh_Badarpada,21.16,73.56
0.01,2024-02-25,8.1,47,382,282,123,948,929,30.4,9.0,35,4.4,16.7,0.0,0.0,997,0.4,1013,282,23.3,35,9.2,2.7,Songadh_Badarpada,21.16,73.56
0.87,2024-02-26,14.1,47,383,283,124,949,933,33.0,3.5,110,4.8,18.9,0.3,0.3,995,0.5,1011,137,25.8,110,9.2,2.6,Songadh_Badarpada,21.16,73.56
0.09,2024-02-27,16.7,48,384,285,124,949,937,33.7,8.1,201,2.8,20.0,0.3,0.3,997,0.58,1012,284,26.3,201,6.0,1.8,Songadh_Badarpada,21.16,73.56
0.0,2024-02-28,16.4,48,385,286,124,950,940,34.1,9.2,133,3.2,21.5,0.0,0.0,996,0.53,1012,286,27.5,133,6.0,2.1,Songadh_Badarpada,21.16,73.56
0.16,2024-02-29,17.0,48,386,288,124,950,944,36.3,9.1,198,2.4,21.5,0.0,0.0,996,0.52,1011,283,28.9,198,6.0,1.8,Songadh_Badarpada,21.16,73.56
0.05,2024-03-01,17.3,48,387,290,124,951,948,34.8,9.3,207,4.0,22.2,0.0,0.0,996,0.54,1012,290,28.3,207,8.4,2.7,Songadh_Badarpada,21.16,73.56
0.04,2024-03-02,18.6,48,388,291,124,951,951,31.5,9.4,224,5.6,22.2,0.8,0.8,996,0.64,1012,291,26.3,224,10.8,3.5,Songadh_Badarpada,21.16,73.56
0.16,2024-03-03,14.7,48,389,293,124,952,955,27.4,9.5,273,4.0,18.1,0.0,0.0,998,0.61,1013,292,23.5,273,8.8,3.0,Songadh_Badarpada,21.16,73.56
0.0,2024-03-04,10.6,48,390,294,125,952,958,28.5,9.5,204,3.2,16.7,0.0,0.0,999,0.51,1014,294,22.4,204,6.4,1.8,Songadh_Badarpada,21.16,73.56
0.0,2024-03-05,9.7,49,391,296,125,953,962,31.5,9.6,189,3.2,15.9,0.0,0.0,998,0.44,1014,296,23.7,189,6.8,2.1,Songadh_Badarpada,21.16,73.56
0.0,2024-03-06,9.7,49,392,297,125,953,965,31.9,9.7,287,3.2,18.1,0.0,0.0,998,0.42,1013,297,24.7,287,7.2,2.1,Songadh_Badarpada,21.16,73.56
0.04,2024-03-07,11.4,49,393,299,125,953,969,32.2,9.8,239,3.2,20.7,0.0,0.0,997,0.42,1013,298,25.9,239,6.0,1.5,Songadh_Badarpada,21.16,73.56
0.0,2024-03-08,12.4,49,393,300,125,954,972,32.2,9.8,173,3.2,20.0,0.0,0.0,998,0.46,1013,300,26.0,173,6.8,2.2,Songadh_Badarpada,21.16,73.56
0.05,2024-03-09,11.3,49,394,302,125,954,975,33.0,9.9,178,3.6,19.6,0.0,0.0,997,0.43,1013,301,25.8,178,6.4,2.2,Songadh_Badarpada,21.16,73.56
0.01,2024-03-10,10.9,49,395,303,125,954,979,33.3,10.0,195,3.6,21.5,0.0,0.0,998,0.39,1013,303,27.0,195,8.0,1.6,Songadh_Badarpada,21.16,73.56
0.0,2024-03-11,13.5,49,396,305,125,955,982,34.4,10.0,297,2.8,20.7,0.0,0.0,999,0.42,1015,305,27.9,297,5.2,1.8,Songadh_Badarpada,21.16,73.56
0.0,2024-03-12,15.5,49,397,306,126,955,985,33.7,10.1,287,2.8,21.1,0.0,0.0,998,0.49,1014,306,27.6,287,6.4,2.0,Songadh_Badarpada,21.16,73.56
0.01,2024-03-13,15.8,50,398,307,126,955,988,33.0,10.2,263,3.2,20.4,0.0,0.0,997,0.55,1013,307,26.6,263,7.2,2.1,Songadh_Badarpada,21.16,73.56
0.0,2024-03-14,15.7,50,399,309,126,955,991,32.6,10.2,261,2.8,21.5,0.0,0.0,998,0.54,1014,309,26.6,261,6.0,1.8,Songadh_Badarpada,21.16,73.56
0.0,2024-03-15,15.4,50,399,310,126,956,994,32.6,10.3,240,2.4,18.1,0.0,0.0,997,0.57,1012,310,25.7,240,4.8,1.7,Songadh_Badarpada,21.16,73.56
0.0,2024-03-16,15.1,50,400,312,126,956,997,33.7,10.4,253,2.4,18.5,0.0,0.0,997,0.55,1012,312,26.2,253,4.4,1.7,Songadh_Badarpada,21.16,73.56
0.0,2024-03-17,14.8,50,401,313,126,956,1000,33.3,10.4,229,3.2,18.5,0.0,0.0,996,0.54,1012,313,26.0,229,6.8,2.1,Songadh_Badarpada,21.16,73.56
0.06,2024-03-18,17.9,50,401,314,126,956,1003,33.7,10.5,258,2.8,19.6,0.0,0.0,996,0.64,1012,314,26.4,258,6.0,2.1,Songadh_Badarpada,21.16,73.56
0.05,2024-03-19,14.7,50,402,316,126,956,1005,34.8,10.6,221,2.8,18.9,0.0,0.0,996,0.52,1012,316,27.1,221,4.8,1.7,Songadh_Badarpada,21.16,73.56
0.03,2024-03-20,13.1,50,403,317,126,957,1008,35.6,10.6,198,2.8,18.9,0.0,0.0,996,0.44,1012,317,28.1,198,5.2,1.9,Songadh_Badarpada,21.16,73.56
0.66,2024-03-21,14.5,50,404,318,126,957,1011,36.3,3.5,189,2.8,22.6,0.0,0.0,995,0.44,1010,122,29.0,189,4.0,1.4,Songadh_Badarpada,21.16,73.56
0.11,2024-03-22,14.5,51,404,319,126,957,1013,36.7,10.7,225,3.2,20.7,0.5,0.5,993,0.44,1009,309,29.2,225,6.0,1.8,Songadh_Badarpada,21.16,73.56
0.24,2024-03-23,16.2,51,405,321,127,957,1016,35.6,10.8,219,3.2,22.2,0.0,0.0,994,0.5,1009,319,28.7,219,6.4,1.7,Songadh_Badarpada,21.16,73.56
0.25,2024-03-24,17.5,51,405,322,127,957,1018,34.8,9.3,255,2.8,21.5,0.0,0.0,995,0.55,1011,316,28.2,255,6.8,2.1,Songadh_Badarpada,21.16,73.56
0.0,2024-03-25,17.9,51,406,323,127,957,1020,35.9,10.9,237,2.8,23.3,0.0,0.0,996,0.54,1011,323,29.1,237,5.6,1.7,Songadh_Badarpada,21.16,73.56
0.0,2024-03-26,18.2,51,407,324,127,957,1023,36.7,11.0,255,2.8,22.2,0.0,0.0,995,0.53,1011,324,29.6,255,5.2,1.8,Songadh_Badarpada,21.16,73.56
0.06,2024-03-27,19.9,51,407,325,127,957,1025,37.0,11.0,257,2.8,24.1,0.0,0.0,996,0.56,1012,325,30.5,257,4.8,1.7,Songadh_Badarpada,21.16,73.56
0.09,2024-03-28,21.7,51,408,327,127,957,1027,37.0,10.3,245,2.8,24.4,0.0,0.0,995,0.61,1011,326,30.6,245,6.0,2.0,Songadh_Badarpada,21.16,73.56
0.36,2024-03-29,21.0,51,408,328,127,957,1029,36.3,5.9,264,2.4,25.6,0.0,0.0,995,0.59,1010,224,30.4,264,4.4,1.7,Songadh_Badarpada,21.16,73.56
0.08,2024-03-30,18.6,51,409,329,127,957,1031,36.3,9.6,254,3.6,24.4,0.0,0.0,996,0.53,1011,328,30.0,254,7.2,2.3,Songadh_Badarpada,21.16,73.56
0.11,2024-03-31,16.9,51,409,330,127,957,1033,35.6,10.2,271,2.8,23.7,0.0,0.0,997,0.49,1012,326,29.5,271,6.4,2.0,Songadh_Badarpada,21.16,73.56
0.41,2024-04-01,16.2,52,410,331,127,957,1035,35.6,8.4,261,3.2,22.2,0.0,0.0,995,0.48,1010,207,29.1,261,6.8,1.8,Songadh_Badarpada,21.16,73.56
0.41,2024-04-02,17.1,52,411,332,127,957,1037,35.9,8.1,252,3.2,22.2,0.0,0.0,993,0.51,1008,252,29.0,252,6.8,2.1,Songadh_Badarpada,21.16,73.56
0.44,2024-04-03,17.6,52,412,333,127,957,1038,36.3,11.4,242,3.6,23.0,0.0,0.0,994,0.53,1009,314,29.2,242,6.8,1.9,Songadh_Badarpada,21.16,73.56
0.79,2024-04-04,18.6,52,413,334,127,957,1040,35.2,4.7,269,2.8,22.6,0.0,0.0,994,0.57,1010,209,29.1,269,6.8,2.1,Songadh_Badarpada,21.16,73.56
0.18,2024-04-05,17.8,52,414,335,127,957,1042,35.9,9.4,262,4.0,23.0,0.0,0.0,994,0.52,1010,332,29.7,262,8.8,2.3,Songadh_Badarpada,21.16,73.56
0.15,2024-04-06,16.0,52,415,336,127,957,1043,35.9,11.1,317,4.0,23.3,0.0,0.0,994,0.44,1009,336,30.1,317,8.8,2.6,Songadh_Badarpada,21.16,73.56
0.02,2024-04-07,15.8,52,416,337,127,956,1045,36.3,11.5,267,3.2,23.7,0.0,0.0,992,0.45,1008,337,29.9,267,5.6,2.0,Songadh_Badarpada,21.16,73.56
0.0,2024-04-08,16.8,53,417,338,127,956,1046,37.8,11.6,268,2.8,22.2,0.0,0.0,993,0.48,1008,338,29.9,268,4.4,1.7,Songadh_Badarpada,21.16,73.56
0.0,2024-04-09,19.0,53,418,339,127,956,1048,37.0,11.6,217,2.4,23.3,0.0,0.0,993,0.55,1008,339,30.1,217,4.0,1.5,Songadh_Badarpada,21.16,73.56
0.1,2024-04-10,19.3,53,419,340,127,956,1049,37.0,11.6,179,3.6,24.1,0.0,0.0,993,0.54,1008,340,30.6,179,6.4,1.9,Songadh_Badarpada,21.16,73.56
0.37,2024-04-11,19.2,53,419,341,127,956,1050,37.8,10.4,169,2.4,24.4,0.0,0.0,994,0.55,1009,320,30.2,169,5.6,1.5,Songadh_Badarpada,21.16,73.56
0.05,2024-04-12,18.0,53,420,342,127,956,1051,35.9,11.7,206,4.0,23.7,0.0,0.0,993,0.53,1009,342,29.7,206,7.6,1.9,Songadh_Badarpada,21.16,73.56
0.12,2024-04-13,19.7,53,421,342,127,955,1052,35.6,11.7,226,4.8,22.6,0.0,0.0,994,0.61,1010,339,28.7,226,8.0,2.7,Songadh_Badarpada,21.16,73.56
0.07,2024-04-14,21.1,53,422,343,127,955,1053,36.7,11.8,219,3.6,24.4,0.0,0.0,995,0.6,1010,343,30.4,219,4.8,1.6,Songadh_Badarpada,21.16,73.56
0.12,2024-04-15,20.9,53,423,344,127,955,1054,39.6,11.1,217,4.0,27.8,0.0,0.0,995,0.51,1010,340,33.3,217,7.6,2.2,Songadh_Badarpada,21.16,73.56
0.02,2024-04-16,15.9,53,424,345,127,955,1055,39.6,11.8,142,2.8,28.1,0.0,0.0,994,0.35,1009,345,33.8,142,7.2,2.3,Songadh_Badarpada,21.16,73.56
0.06,2024-04-17,15.0,53,424,346,127,954,1056,40.7,11.6,166,4.4,28.9,0.0,0.0,992,0.33,1008,345,34.5,166,7.2,2.3,Songadh_Badarpada,21.16,73.56
0.32,2024-04-18,18.5,54,425,346,127,954,1057,39.6,11.1,260,3.2,27.4,0.0,0.0,992,0.46,1008,331,33.0,260,6.4,2.1,Songadh_Badarpada,21.16,73.56
0.36,2024-04-19,19.2,54,426,347,127,954,1058,37.8,7.1,274,3.2,28.5,0.0,0.0,991,0.46,1007,317,33.0,274,7.6,2.1,Songadh_Badarpada,21.16,73.56
0.14,2024-04-20,18.0,54,426,348,127,954,1058,37.4,11.9,286,4.8,26.7,0.0,0.0,992,0.46,1007,348,31.9,286,8.0,2.7,Songadh_Badarpada,21.16,73.56
0.47,2024-04-21,17.9,54,427,348,127,953,1059,36.7,5.9,256,2.8,25.6,0.0,0.0,992,0.48,1008,257,31.2,256,6.8,2.0,Songadh_Badarpada,21.16,73.56
0.67,2024-04-22,18.3,54,428,349,127,953,1059,35.6,4.8,263,3.2,26.7,0.0,0.0,993,0.49,1008,199,30.9,263,7.2,2.1,Songadh_Badarpada,21.16,73.56
0.0,2024-04-23,18.4,54,428,350,127,953,1060,37.8,12.0,250,3.2,24.4,0.0,0.0,992,0.5,1007,350,31.0,250,7.6,1.9,Songadh_Badarpada,21.16,73.56
0.06,2024-04-24,19.0,54,429,350,127,952,1060,38.5,12.0,240,3.2,24.4,0.0,0.0,991,0.5,1006,350,31.4,240,5.2,1.7,Songadh_Badarpada,21.16,73.56
0.22,2024-04-25,19.9,54,429,351,127,952,1061,38.1,10.2,248,2.4,26.7,0.0,0.0,992,0.5,1007,346,32.3,248,6.0,2.0,Songadh_Badarpada,21.16,73.56
0.25,2024-04-26,20.1,54,430,352,127,952,1061,37.4,9.3,266,2.8,27.0,1.3,1.3,992,0.52,1007,343,31.7,266,6.0,1.8,Songadh_Badarpada,21.16,73.56
0.54,2024-04-27,18.8,54,430,352,127,951,1062,38.5,6.5,301,2.8,25.6,0.0,0.0,992,0.47,1007,253,32.4,301,5.6,1.8,Songadh_Badarpada,21.16,73.56
0.52,2024-04-28,17.4,54,431,353,127,951,1062,39.3,8.1,239,2.4,27.4,0.0,0.0,992,0.4,1007,334,33.4,239,5.6,1.9,Songadh_Badarpada,21.16,73.56
0.1,2024-04-29,16.3,54,431,353,127,951,1062,38.9,11.7,283,3.6,26.7,0.0,0.0,993,0.38,1008,352,33.3,283,7.2,2.4,Songadh_Badarpada,21.16,73.56
0.03,2024-04-30,16.0,54,432,354,127,950,1062,38.9,12.1,300,3.6,26.7,0.0,0.0,991,0.38,1007,354,33.0,300,7.6,2.5,Songadh_Badarpada,21.16,73.56
0.0,2024-05-01,15.9,54,432,354,127,950,1063,37.8,12.1,253,4.0,25.9,0.0,0.0,990,0.44,1005,354,31.6,253,8.0,2.5,Songadh_Badarpada,21.16,73.56
0.14,2024-05-02,17.2,54,433,355,127,950,1063,37.8,10.3,235,3.2,25.2,0.0,0.0,990,0.47,1005,352,31.4,235,6.0,2.2,Songadh_Badarpada,21.16,73.56
0.09,2024-05-03,17.9,54,433,355,127,949,1063,38.1,12.1,248,2.4,24.1,0.0,0.0,991,0.48,1006,355,31.4,248,6.8,2.1,Songadh_Badarpada,21.16,73.56
0.45,2024-05-04,21.1,54,433,356,127,949,1063,38.9,5.8,269,3.2,25.6,0.0,0.0,992,0.55,1008,278,32.3,269,7.6,2.3,Songadh_Badarpada,21.16,73.56
0.39,2024-05-05,20.7,55,434,356,127,949,1063,38.9,10.8,269,4.0,27.0,0.0,0.0,991,0.52,1006,327,33.2,269,8.8,2.4,Songadh_Badarpada,21.16,73.56
0.06,2024-05-06,20.7,55,434,356,127,948,1063,37.0,11.2,247,4.0,27.8,0.0,0.0,991,0.52,1006,356,32.7,247,9.2,3.1,Songadh_Badarpada,21.16,73.56
0.03,2024-05-07,22.8,55,434,357,127,948,1063,37.8,11.7,229,5.2,27.0,0.0,0.0,992,0.61,1007,357,32.0,229,10.0,3.6,Songadh_Badarpada,21.16,73.56
0.04,2024-05-08,23.2,55,435,357,127,947,1063,37.8,12.1,231,4.4,26.3,0.0,0.0,992,0.64,1007,357,31.7,231,8.8,3.6,Songadh_Badarpada,21.16,73.56
0.07,2024-05-09,23.6,55,435,357,127,947,1063,37.0,12.0,232,4.4,26.7,0.0,0.0,991,0.66,1006,357,31.4,232,9.2,3.8,Songadh_Badarpada,21.16,73.56
0.09,2024-05-10,22.9,55,435,358,127,947,1062,36.3,12.1,236,4.8,27.0,0.0,0.0,993,0.64,1008,357,31.0,236,9.6,3.7,Songadh_Badarpada,21.16,73.56
0.16,2024-05-11,23.9,55,436,358,127,946,1062,37.8,11.3,251,3.6,25.6,0.0,0.0,993,0.68,1009,357,31.5,251,6.4,2.3,Songadh_Badarpada,21.16,73.56
0.28,2024-05-12,23.6,55,436,358,127,946,1062,36.7,11.2,227,3.2,27.0,0.0,0.0,994,0.66,1009,343,31.3,227,7.2,2.4,Songadh_Badarpada,21.16,73.56
0.14,2024-05-13,22.9,55,436,359,126,946,1062,38.1,11.3,181,3.2,27.0,7.3,7.3,993,0.63,1008,350,31.7,181,7.2,1.8,Songadh_Badarpada,21.16,73.56
0.11,2024-05-14,21.6,55,436,359,126,945,1062,36.7,11.4,93,3.2,25.2,1.8,1.8,993,0.6,1008,358,30.9,93,10.0,1.8,Songadh_Badarpada,21.16,73.56
0.13,2024-05-15,21.2,55,437,359,126,945,1061,40.4,11.3,119,2.8,27.4,0.3,0.3,993,0.53,1008,353,33.5,119,4.4,1.6,Songadh_Badarpada,21.16,73.56
0.27,2024-05-16,20.9,55,437,359,126,945,1061,39.6,11.8,189,4.0,28.5,0.5,0.5,993,0.48,1008,351,34.1,189,7.6,1.6,Songadh_Badarpada,21.16,73.56
0.08,2024-05-17,22.6,55,437,360,126,944,1061,38.5,12.1,230,3.6,29.3,0.0,0.0,991,0.54,1006,360,33.9,230,8.0,2.6,Songadh_Badarpada,21.16,73.56
0.07,2024-05-18,23.5,55,437,360,126,944,1061,40.7,12.0,259,3.2,29.3,0.0,0.0,989,0.56,1004,360,34.4,259,6.4,2.1,Songadh_Badarpada,21.16,73.56
0.08,2024-05-19,21.8,55,437,360,126,943,1060,41.1,12.0,255,3.6,29.6,0.0,0.0,987,0.51,1002,360,35.0,255,7.6,2.6,Songadh_Badarpada,21.16,73.56
0.07,2024-05-20,21.5,55,438,360,126,943,1060,41.1,11.0,262,4.8,29.3,0.0,0.0,987,0.5,1002,360,34.9,262,9.2,3.0,Songadh_Badarpada,21.16,73.56
0.17,2024-05-21,21.9,55,438,361,126,943,1060,41.5,11.7,282,3.6,29.3,0.0,0.0,987,0.5,1002,350,35.1,282,8.0,2.3,Songadh_Badarpada,21.16,73.56
0.39,2024-05-22,23.6,55,438,361,126,942,1059,40.4,8.0,254,3.2,29.3,1.0,1.0,987,0.55,1002,338,34.7,254,6.8,2.3,Songadh_Badarpada,21.16,73.56
0.1,2024-05-23,22.7,55,438,361,126,942,1059,40.4,11.4,247,4.0,29.6,0.0,0.0,986,0.52,1001,361,35.0,247,8.4,2.8,Songadh_Badarpada,21.16,73.56
0.07,2024-05-24,22.7,55,438,361,126,942,1059,40.0,12.2,248,5.2,29.3,0.0,0.0,985,0.54,1000,361,34.3,248,10.4,3.7,Songadh_Badarpada,21.16,73.56
0.17,2024-05-25,24.5,55,438,361,126,941,1058,38.5,12.1,236,5.6,29.3,0.0,0.0,986,0.63,1001,361,33.0,236,10.8,4.5,Songadh_Badarpada,21.16,73.56
0.92,2024-05-26,25.6,55,438,361,126,941,1058,36.7,4.2,233,6.0,29.3,0.0,0.0,987,0.69,1003,159,32.4,233,12.8,5.1,Songadh_Badarpada,21.16,73.56
0.65,2024-05-27,25.7,55,438,361,126,941,1058,35.6,8.7,231,7.2,29.6,0.3,0.3,987,0.71,1002,284,31.9,231,13.6,5.9,Songadh_Badarpada,21.16,73.56
0.46,2024-05-28,25.2,55,439,361,126,940,1057,36.3,10.9,235,6.8,28.9,0.0,0.0,987,0.69,1002,338,31.9,235,15.2,6.4,Songadh_Badarpada,21.16,73.56
0.47,2024-05-29,24.8,55,439,362,126,940,1057,35.6,10.8,235,8.0,28.9,0.0,0.0,987,0.68,1002,273,31.7,235,16.0,6.5,Songadh_Badarpada,21.16,73.56
0.36,2024-05-30,24.6,55,439,362,126,940,1056,36.3,10.6,237,6.4,28.9,0.0,0.0,989,0.66,1004,354,32.1,237,13.2,5.1,Songadh_Badarpada,21.16,73.56
0.21,2024-05-31,24.6,55,439,362,126,939,1056,36.7,12.0,235,6.0,28.9,0.0,0.0,990,0.66,1005,357,32.4,235,12.8,4.6,Songadh_Badarpada,21.16,73.56
0.12,2024-06-01,25.1,55,439,362,126,939,1056,36.3,10.3,240,5.2,28.5,0.0,0.0,990,0.68,1005,361,32.3,240,11.2,3.9,Songadh_Badarpada,21.16,73.56
0.4,2024-06-02,24.2,55,439,362,126,939,1055,37.0,10.1,249,4.0,28.1,0.0,0.0,991,0.65,1006,352,32.3,249,8.4,3.1,Songadh_Badarpada,21.16,73.56
0.7,2024-06-03,24.4,55,439,362,126,939,1055,36.7,6.3,237,5.2,28.5,0.5,0.5,991,0.66,1006,294,32.1,237,10.4,3.5,Songadh_Badarpada,21.16,73.56
0.28,2024-06-04,24.1,55,439,362,126,938,1055,37.0,9.8,240,6.0,28.1,0.0,0.0,991,0.64,1006,352,32.3,240,11.6,3.5,Songadh_Badarpada,21.16,73.56
0.23,2024-06-05,25.2,55,439,362,125,938,1054,37.0,10.6,239,5.2,28.1,0.0,0.0,991,0.68,1006,356,32.4,239,10.0,3.5,Songadh_Badarpada,21.16,73.56
0.27,2024-06-06,24.1,55,439,362,125,938,1054,37.8,10.8,245,4.4,28.5,0.0,0.0,992,0.62,1007,360,33.0,245,9.2,3.4,Songadh_Badarpada,21.16,73.56
0.45,2024-06-07,24.6,55,439,362,125,938,1054,38.5,11.9,249,5.2,29.3,0.0,0.0,990,0.63,1005,360,33.0,249,9.6,3.3,Songadh_Badarpada,21.16,73.56
0.45,2024-06-08,24.5,55,439,362,125,937,1053,37.8,7.7,249,4.4,27.4,1.3,1.3,989,0.67,1004,302,32.0,249,8.8,2.5,Songadh_Badarpada,21.16,73.56
0.67,2024-06-09,24.6,55,439,362,125,937,1053,38.1,4.8,235,5.6,27.8,11.8,11.8,988,0.66,1003,197,32.4,235,10.0,3.9,Songadh_Badarpada,21.16,73.56
0.98,2024-06-10,25.0,55,439,362,125,937,1053,34.8,3.8,228,4.8,27.0,17.8,17.8,990,0.76,1005,114,30.0,228,10.4,3.7,Songadh_Badarpada,21.16,73.56
0.57,2024-06-11,24.8,55,439,362,125,937,1052,35.9,10.6,234,5.6,28.1,0.3,0.3,990,0.69,1005,330,31.6,234,10.4,4.2,Songadh_Badarpada,21.16,73.56
0.34,2024-06-12,24.5,55,439,362,125,936,1052,36.7,10.6,231,5.6,28.5,0.0,0.0,991,0.67,1006,349,31.9,231,11.2,4.6,Songadh_Badarpada,21.16,73.56
0.45,2024-06-13,25.5,55,439,362,125,936,1052,34.4,10.7,233,4.8,27.8,0.0,0.0,990,0.73,1006,344,31.0,233,11.2,4.2,Songadh_Badarpada,21.16,73.56
0.58,2024-06-14,24.8,55,439,362,125,936,1052,34.8,8.7,227,4.8,27.8,2.8,2.8,989,0.71,1005,327,31.0,227,10.0,4.2,Songadh_Badarpada,21.16,73.56
0.48,2024-06-15,24.8,55,439,362,125,936,1051,34.8,9.8,228,4.4,28.1,4.5,4.5,989,0.7,1004,316,31.2,228,9.2,3.7,Songadh_Badarpada,21.16,73.56
0.55,2024-06-16,25.1,55,439,362,125,936,1051,35.2,9.1,231,4.4,27.8,0.0,0.0,990,0.7,1005,335,31.4,231,8.8,3.7,Songadh_Badarpada,21.16,73.56
0.65,2024-06-17,25.2,55,439,362,125,936,1051,36.3,9.4,228,5.2,28.9,0.0,0.0,990,0.69,1005,345,31.8,228,9.6,4.0,Songadh_Badarpada,21.16,73.56
0.74,2024-06-18,25.4,55,439,362,125,935,1051,34.4,7.0,220,6.8,27.8,1.5,1.5,989,0.74,1005,251,30.6,220,12.0,4.4,Songadh_Badarpada,21.16,73.56
0.84,2024-06-19,25.1,55,439,362,125,935,1051,33.3,8.1,218,6.8,27.4,0.0,0.0,987,0.76,1002,233,30.0,218,13.6,5.4,Songadh_Badarpada,21.16,73.56
0.88,2024-06-20,25.9,55,439,362,125,935,1051,33.0,4.2,206,6.0,27.4,0.0,0.0,986,0.82,1001,108,29.3,206,12.0,4.5,Songadh_Badarpada,21.16,73.56
0.73,2024-06-21,26.2,55,439,362,125,935,1050,33.7,8.6,224,6.0,28.5,0.0,0.0,987,0.78,1002,314,30.6,224,12.4,4.9,Songadh_Badarpada,21.16,73.56
0.62,2024-06-22,25.5,55,439,362,125,935,1050,34.4,10.8,231,4.8,27.4,4.5,4.5,986,0.76,1001,331,30.6,231,10.0,3.8,Songadh_Badarpada,21.16,73.56
0.95,2024-06-23,26.5,55,438,362,125,935,1050,30.4,3.7,217,3.6,26.7,16.0,16.0,985,0.89,1001,61,28.6,217,8.0,3.2,Songadh_Badarpada,21.16,73.56
0.94,2024-06-24,25.8,55,438,362,125,935,1050,33.0,4.2,214,3.2,25.9,40.0,40.0,984,0.85,999,128,28.7,214,6.8,2.6,Songadh_Badarpada,21.16,73.56
0.88,2024-06-25,25.8,55,438,362,125,935,1050,34.4,7.6,187,3.2,27.0,4.0,4.0,983,0.77,998,196,30.4,187,7.6,1.4,Songadh_Badarpada,21.16,73.56
0.69,2024-06-26,26.5,55,438,362,125,935,1050,34.8,4.9,206,3.6,28.1,8.3,8.3,982,0.78,997,271,31.0,206,7.6,2.1,Songadh_Badarpada,21.16,73.56
0.96,2024-06-27,25.3,55,438,362,125,934,1050,33.0,5.1,184,5.2,28.5,3.3,3.3,984,0.75,999,133,30.3,184,11.2,3.7,Songadh_Badarpada,21.16,73.56
1.0,2024-06-28,25.4,55,438,361,125,934,1050,30.0,3.7,197,6.8,26.7,9.5,9.5,985,0.85,1001,69,28.2,197,12.0,4.4,Songadh_Badarpada,21.16,73.56
1.0,2024-06-29,25.6,55,438,361,125,934,1050,30.0,3.7,211,6.4,27.0,8.3,8.3,986,0.85,1001,70,28.3,211,13.2,4.9,Songadh_Badarpada,21.16,73.56
1.0,2024-06-30,25.9,55,438,361,125,934,1050,28.5,3.7,209,4.8,26.3,43.3,43.3,986,0.93,1002,40,27.3,209,11.6,4.1,Songadh_Badarpada,21.16,73.56
1.0,2024-07-01,25.6,55,438,361,125,934,1050,28.9,3.8,212,8.0,26.3,34.0,34.0,985,0.92,1000,59,27.1,212,14.8,6.4,Songadh_Badarpada,21.16,73.56
0.97,2024-07-02,25.5,55,437,361,125,934,1050,31.1,3.8,225,8.4,25.2,53.5,53.5,984,0.89,999,95,27.5,225,16.8,6.9,Songadh_Badarpada,21.16,73.56
0.9,2024-07-03,26.4,55,437,361,125,934,1050,31.9,7.0,225,6.8,27.0,0.0,0.0,986,0.87,1001,221,28.8,225,14.8,6.1,Songadh_Badarpada,21.16,73.56
0.98,2024-07-04,26.2,55,437,361,125,934,1050,30.7,4.6,222,6.0,27.0,15.8,15.8,987,0.88,1002,95,28.6,222,12.0,5.1,Songadh_Badarpada,21.16,73.56
0.99,2024-07-05,25.6,55,437,361,125,934,1050,28.9,3.7,220,5.2,26.7,50.8,50.8,985,0.9,1001,67,27.5,220,12.8,4.7,Songadh_Badarpada,21.16,73.56
1.0,2024-07-06,25.7,55,437,361,125,934,1050,30.7,3.7,222,7.2,26.7,9.5,9.5,984,0.86,999,67,28.2,222,13.6,5.2,Songadh_Badarpada,21.16,73.56
0.97,2024-07-07,25.9,55,437,360,125,934,1050,31.9,3.7,228,6.4,27.0,0.0,0.0,985,0.83,1001,99,29.2,228,13.2,5.0,Songadh_Badarpada,21.16,73.56
0.99,2024-07-08,26.1,55,437,360,125,934,1050,30.4,3.7,218,3.6,27.0,10.0,10.0,986,0.86,1001,71,28.6,218,7.2,2.6,Songadh_Badarpada,21.16,73.56
0.93,2024-07-09,25.5,55,436,360,125,934,1050,30.7,3.7,222,4.4,26.7,9.3,9.3,987,0.84,1002,105,28.6,222,8.0,3.4,Songadh_Badarpada,21.16,73.56
0.85,2024-07-10,25.2,55,436,360,125,935,1050,30.7,7.3,216,5.2,25.9,4.0,4.0,989,0.84,1005,236,28.3,216,10.4,4.4,Songadh_Badarpada,21.16,73.56
0.99,2024-07-11,25.7,55,436,360,125,935,1050,30.4,4.2,217,5.6,26.7,1.0,1.0,989,0.88,1004,73,28.0,217,10.0,4.5,Songadh_Badarpada,21.16,73.56
0.99,2024-07-12,25.8,55,436,360,125,935,1050,29.3,4.1,225,6.0,26.3,24.8,24.8,987,0.92,1002,76,27.2,225,10.8,5.1,Songadh_Badarpada,21.16,73.56
0.99,2024-07-13,25.7,55,436,360,125,935,1050,28.9,3.8,234,5.2,25.9,34.0,34.0,986,0.92,1001,71,27.1,234,11.2,3.9,Songadh_Badarpada,21.16,73.56
0.89,2024-07-14,26.2,55,435,359,125,935,1050,31.5,6.5,222,4.0,25.9,6.3,6.3,985,0.87,1000,192,28.5,222,9.2,2.9,Songadh_Badarpada,21.16,73.56
0.98,2024-07-15,26.4,55,435,359,125,935,1050,30.4,3.7,238,3.6,26.7,42.0,42.0,985,0.9,1000,63,28.2,238,6.8,2.6,Songadh_Badarpada,21.16,73.56
0.98,2024-07-16,26.1,55,435,359,125,935,1051,29.6,3.7,217,4.0,26.3,19.5,19.5,984,0.91,999,59,27.7,217,6.4,2.8,Songadh_Badarpada,21.16,73.56
0.97,2024-07-17,25.5,55,435,359,125,935,1051,30.7,5.5,209,5.6,25.9,4.8,4.8,985,0.86,1001,127,28.2,209,10.4,4.1,Songadh_Badarpada,21.16,73.56
0.94,2024-07-18,25.9,55,434,359,125,935,1051,30.4,3.9,211,6.4,26.3,0.5,0.5,985,0.9,1001,103,27.8,211,12.4,4.5,Songadh_Badarpada,21.16,73.56
0.95,2024-07-19,25.8,55,434,358,125,935,1051,28.9,5.2,204,7.2,26.7,10.0,10.0,983,0.9,999,149,27.6,204,14.4,5.0,Songadh_Badarpada,21.16,73.56
1.0,2024-07-20,25.9,55,434,358,125,936,1051,29.6,3.7,206,6.0,26.3,3.3,3.3,985,0.91,1000,62,27.5,206,11.2,4.7,Songadh_Badarpada,21.16,73.56
1.0,2024-07-21,26.1,55,434,358,125,936,1051,29.6,3.8,215,6.0,26.3,18.5,18.5,984,0.92,1000,56,27.5,215,10.8,4.7,Songadh_Badarpada,21.16,73.56
1.0,2024-07-22,25.5,55,433,358,125,936,1051,27.0,3.7,214,7.6,25.6,30.5,30.5,986,0.95,1001,36,26.4,214,14.4,5.2,Songadh_Badarpada,21.16,73.56
1.0,2024-07-23,25.7,54,433,357,125,936,1051,27.0,3.7,233,6.4,25.9,49.5,49.5,987,0.96,1002,36,26.4,233,13.6,5.6,Songadh_Badarpada,21.16,73.56
1.0,2024-07-24,25.6,54,433,357,125,936,1051,28.5,3.7,239,6.8,25.6,105.8,105.8,984,0.96,1000,45,26.4,239,12.8,5.2,Songadh_Badarpada,21.16,73.56
1.0,2024-07-25,25.2,54,433,357,125,936,1051,29.3,3.7,245,6.8,25.6,7.3,7.3,984,0.93,999,63,26.5,245,14.8,5.3,Songadh_Badarpada,21.16,73.56
0.98,2024-07-26,25.8,54,432,356,125,936,1051,29.3,5.3,241,6.4,26.3,37.8,37.8,985,0.91,1000,98,27.3,241,13.6,5.8,Songadh_Badarpada,21.16,73.56
0.98,2024-07-27,25.6,54,432,356,125,937,1051,28.5,3.7,241,6.0,26.3,17.8,17.8,986,0.92,1001,48,27.0,241,11.2,4.7,Songadh_Badarpada,21.16,73.56
1.0,2024-07-28,25.7,54,432,356,125,937,1052,29.3,3.7,239,5.2,26.3,40.3,40.3,984,0.91,999,63,27.3,239,9.6,4.3,Songadh_Badarpada,21.16,73.56
1.0,2024-07-29,25.3,54,431,356,125,937,1052,27.0,3.7,226,6.0,25.6,46.3,46.3,983,0.95,998,37,26.2,226,11.6,4.6,Songadh_Badarpada,21.16,73.56
0.92,2024-07-30,25.8,54,431,355,125,937,1052,29.6,5.0,220,5.6,25.9,0.5,0.5,986,0.92,1001,162,27.2,220,10.8,4.3,Songadh_Badarpada,21.16,73.56
0.92,2024-07-31,25.6,54,431,355,125,937,1052,30.0,8.1,231,6.0,25.9,0.0,0.0,988,0.89,1004,140,27.7,231,13.2,4.7,Songadh_Badarpada,21.16,73.56
1.0,2024-08-01,25.2,54,430,354,125,937,1052,28.9,3.8,233,6.8,25.6,13.5,13.5,988,0.91,1003,59,26.8,233,13.2,5.1,Songadh_Badarpada,21.16,73.56
0.99,2024-08-02,25.1,54,430,354,125,938,1051,29.3,3.9,233,6.8,25.9,9.3,9.3,987,0.92,1002,76,26.6,233,14.0,5.9,Songadh_Badarpada,21.16,73.56
1.0,2024-08-03,25.5,54,430,354,125,938,1051,27.4,3.7,231,7.6,25.2,62.3,62.3,987,0.96,1003,35,26.2,231,14.8,5.6,Songadh_Badarpada,21.16,73.56
1.0,2024-08-04,25.3,54,429,353,125,938,1051,26.7,3.7,236,5.6,25.6,31.8,31.8,988,0.96,1003,35,26.0,236,10.8,4.8,Songadh_Badarpada,21.16,73.56
0.97,2024-08-05,25.2,54,429,353,125,938,1051,28.9,4.0,225,6.4,25.6,4.5,4.5,989,0.9,1005,86,26.9,225,12.8,5.3,Songadh_Badarpada,21.16,73.56
0.91,2024-08-06,24.9,54,428,352,125,938,1051,28.9,7.1,232,6.4,25.6,0.0,0.0,990,0.9,1005,210,26.8,232,14.0,5.0,Songadh_Badarpada,21.16,73.56
0.92,2024-08-07,24.7,54,428,352,125,939,1051,30.0,4.5,242,6.0,25.2,0.0,0.0,990,0.87,1005,123,27.3,242,11.6,4.7,Songadh_Badarpada,21.16,73.56
0.96,2024-08-08,24.8,54,428,352,125,939,1051,28.9,3.8,234,4.8,25.2,3.3,3.3,991,0.89,1006,69,26.8,234,10.8,4.2,Songadh_Badarpada,21.16,73.56
0.99,2024-08-09,25.0,54,427,351,125,939,1050,29.3,4.0,226,4.4,25.9,4.0,4.0,992,0.89,1007,73,26.9,226,10.0,3.6,Songadh_Badarpada,21.16,73.56
0.99,2024-08-10,25.1,54,427,351,126,939,1050,29.3,4.0,234,4.8,25.6,9.8,9.8,992,0.9,1007,72,26.8,234,10.0,3.8,Songadh_Badarpada,21.16,73.56
0.91,2024-08-11,24.8,54,426,350,126,939,1050,30.0,4.5,235,6.0,25.2,5.0,5.0,990,0.88,1005,148,27.0,235,12.4,4.4,Songadh_Badarpada,21.16,73.56
0.94,2024-08-12,24.8,54,426,349,126,940,1050,28.5,3.8,227,5.2,25.2,6.3,6.3,990,0.9,1006,63,26.6,227,10.8,3.8,Songadh_Badarpada,21.16,73.56
0.79,2024-08-13,25.0,54,425,349,126,940,1049,31.1,5.3,227,4.4,25.2,0.0,0.0,991,0.85,1006,173,27.8,227,9.2,3.8,Songadh_Badarpada,21.16,73.56
0.92,2024-08-14,25.3,53,425,348,126,940,1049,31.1,7.3,227,4.0,25.9,2.0,2.0,991,0.84,1006,177,28.4,227,8.4,3.1,Songadh_Badarpada,21.16,73.56
0.92,2024-08-15,24.9,53,424,348,126,940,1048,31.9,6.1,229,4.4,25.9,0.0,0.0,990,0.81,1006,166,28.5,229,8.4,3.1,Songadh_Badarpada,21.16,73.56
0.96,2024-08-16,25.3,53,424,347,126,940,1048,31.9,4.3,229,4.4,25.9,0.5,0.5,989,0.84,1005,132,28.4,229,10.0,3.5,Songadh_Badarpada,21.16,73.56
0.99,2024-08-17,25.3,53,423,347,126,941,1047,32.2,3.8,230,3.6,25.9,0.3,0.3,990,0.83,1006,85,28.6,230,7.2,2.5,Songadh_Badarpada,21.16,73.56
0.96,2024-08-18,25.3,53,423,346,126,941,1047,32.6,3.7,241,2.0,26.3,1.0,1.0,991,0.8,1007,108,29.2,241,5.2,1.7,Songadh_Badarpada,21.16,73.56
0.96,2024-08-19,25.4,53,422,345,126,941,1046,33.3,3.8,254,2.4,26.7,3.3,3.3,990,0.79,1006,102,29.7,254,5.2,1.4,Songadh_Badarpada,21.16,73.56
0.94,2024-08-20,25.9,53,422,345,126,941,1046,32.2,6.5,235,2.8,26.3,26.5,26.5,990,0.87,1005,180,28.3,235,7.2,1.8,Songadh_Badarpada,21.16,73.56
0.98,2024-08-21,25.5,53,421,344,126,941,1045,31.5,4.6,261,1.6,25.2,17.5,17.5,991,0.87,1006,109,28.0,261,5.6,1.2,Songadh_Badarpada,21.16,73.56
0.96,2024-08-22,26.3,53,420,343,126,941,1044,33.0,3.7,201,2.8,27.0,54.5,54.5,989,0.85,1005,105,29.3,201,4.8,1.3,Songadh_Badarpada,21.16,73.56
1.0,2024-08-23,25.9,53,420,342,126,942,1044,29.6,3.6,216,4.0,25.2,50.0,50.0,990,0.93,1006,50,27.2,216,6.4,1.8,Songadh_Badarpada,21.16,73.56
1.0,2024-08-24,25.0,53,419,342,126,942,1043,26.7,3.8,239,4.8,25.2,69.8,69.8,990,0.96,1005,46,25.7,239,8.8,3.2,Songadh_Badarpada,21.16,73.56
1.0,2024-08-25,24.6,53,418,341,126,942,1042,26.3,3.6,246,6.8,24.8,88.8,88.8,987,0.95,1003,34,25.5,246,17.2,5.6,Songadh_Badarpada,21.16,73.56
1.0,2024-08-26,24.6,53,418,340,126,942,1041,27.0,3.6,233,6.8,24.8,30.8,30.8,985,0.94,1000,34,25.7,233,15.6,6.2,Songadh_Badarpada,21.16,73.56
1.0,2024-08-27,24.6,53,417,339,126,942,1040,27.8,3.6,207,7.6,24.4,2.3,2.3,987,0.92,1002,52,26.1,207,15.6,6.3,Songadh_Badarpada,21.16,73.56
0.96,2024-08-28,24.9,52,416,338,126,942,1039,28.5,3.7,207,6.4,24.8,6.0,6.0,988,0.91,1003,69,26.4,207,14.8,5.5,Songadh_Badarpada,21.16,73.56
0.9,2024-08-29,25.0,52,415,338,126,942,1038,29.6,5.2,210,6.4,25.6,1.8,1.8,988,0.89,1003,156,27.0,210,15.6,5.4,Songadh_Badarpada,21.16,73.56
0.57,2024-08-30,24.7,52,415,337,126,943,1037,31.5,7.6,211,5.6,26.3,0.5,0.5,990,0.8,1005,300,28.6,211,11.6,3.9,Songadh_Badarpada,21.16,73.56
0.8,2024-08-31,24.9,52,414,336,126,943,1036,31.5,6.1,229,3.2,25.2,0.0,0.0,992,0.83,1007,189,28.1,229,6.8,2.5,Songadh_Badarpada,21.16,73.56
0.98,2024-09-01,24.8,52,413,335,125,943,1034,31.9,4.4,245,4.0,25.6,6.0,6.0,991,0.82,1006,115,28.4,245,8.0,3.0,Songadh_Badarpada,21.16,73.56
1.0,2024-09-02,25.0,52,412,334,125,943,1033,27.0,3.6,263,4.0,24.4,86.3,86.3,990,0.93,1005,34,26.3,263,8.8,3.2,Songadh_Badarpada,21.16,73.56
1.0,2024-09-03,24.9,52,411,333,125,943,1032,27.8,3.5,241,3.6,24.4,24.5,24.5,990,0.93,1005,39,26.1,241,8.0,2.9,Songadh_Badarpada,21.16,73.56
0.99,2024-09-04,24.9,52,410,332,125,943,1030,30.0,3.5,230,5.2,25.2,5.8,5.8,991,0.88,1006,68,27.1,230,11.6,3.8,Songadh_Badarpada,21.16,73.56
0.99,2024-09-05,25.4,52,409,331,125,943,1029,30.4,3.6,234,5.2,25.2,8.8,8.8,989,0.92,1004,73,26.9,234,10.8,4.0,Songadh_Badarpada,21.16,73.56
0.95,2024-09-06,25.1,52,408,330,125,943,1027,28.5,4.2,239,4.8,25.2,11.0,11.0,990,0.92,1006,130,26.5,239,9.6,3.6,Songadh_Badarpada,21.16,73.56
0.61,2024-09-07,24.9,51,407,329,125,943,1026,30.4,7.9,238,4.4,25.2,9.5,9.5,991,0.87,1007,302,27.4,238,9.6,3.4,Songadh_Badarpada,21.16,73.56
0.61,2024-09-08,25.1,51,406,328,125,943,1024,31.1,8.1,237,4.0,25.6,0.0,0.0,991,0.86,1007,291,27.8,237,8.8,3.4,Songadh_Badarpada,21.16,73.56
0.96,2024-09-09,25.3,51,405,327,125,943,1022,31.1,4.2,240,4.0,25.6,10.8,10.8,989,0.86,1004,105,27.9,240,8.4,3.1,Songadh_Badarpada,21.16,73.56
0.97,2024-09-10,25.3,51,404,326,125,943,1021,30.0,3.5,231,3.6,25.6,30.0,30.0,988,0.89,1003,65,27.3,231,8.4,3.4,Songadh_Badarpada,21.16,73.56
0.99,2024-09-11,25.0,51,403,325,125,943,1019,29.6,3.4,233,4.0,25.2,13.8,13.8,989,0.89,1004,64,26.9,233,8.8,3.6,Songadh_Badarpada,21.16,73.56
0.95,2024-09-12,24.1,51,402,324,125,943,1017,30.0,3.6,228,5.2,25.2,5.5,5.5,991,0.84,1006,98,27.2,228,10.8,4.2,Songadh_Badarpada,21.16,73.56
0.55,2024-09-13,24.2,51,401,323,125,943,1015,31.1,8.5,228,5.2,25.6,0.0,0.0,991,0.82,1007,287,27.6,228,12.8,4.1,Songadh_Badarpada,21.16,73.56
0.56,2024-09-14,23.5,50,400,322,125,943,1013,30.0,6.9,222,4.8,24.4,5.0,5.0,991,0.82,1006,244,26.9,222,12.0,3.8,Songadh_Badarpada,21.16,73.56
0.64,2024-09-15,24.1,50,399,320,125,943,1011,29.6,7.4,233,4.0,23.7,0.0,0.0,992,0.86,1007,277,26.7,233,10.0,3.3,Songadh_Badarpada,21.16,73.56
0.32,2024-09-16,23.4,50,398,319,125,943,1009,32.2,9.0,249,4.0,24.4,0.0,0.0,993,0.79,1008,307,27.8,249,7.6,2.6,Songadh_Badarpada,21.16,73.56
0.31,2024-09-17,23.5,50,397,318,125,943,1007,32.2,8.2,250,3.6,24.8,0.0,0.0,993,0.78,1008,313,27.9,250,6.8,2.4,Songadh_Badarpada,21.16,73.56
0.74,2024-09-18,23.8,50,396,317,125,943,1004,31.1,4.3,237,3.6,25.2,0.0,0.0,991,0.81,1006,152,27.5,237,7.6,2.7,Songadh_Badarpada,21.16,73.56
0.38,2024-09-19,24.6,50,395,316,125,943,1002,32.6,7.0,228,4.0,25.6,0.0,0.0,992,0.8,1007,291,28.5,228,8.0,2.9,Songadh_Badarpada,21.16,73.56
0.42,2024-09-20,24.4,49,395,315,125,943,1000,32.2,7.8,232,3.6,25.9,0.0,0.0,992,0.79,1007,256,28.6,232,8.4,2.9,Songadh_Badarpada,21.16,73.56
0.42,2024-09-21,24.7,49,394,313,125,943,997,32.2,6.3,243,3.6,25.6,0.5,0.5,993,0.8,1008,287,28.7,243,7.2,2.8,Songadh_Badarpada,21.16,73.56
0.64,2024-09-22,25.4,49,394,312,124,943,995,32.2,8.3,248,2.8,25.6,0.0,0.0,992,0.84,1008,250,28.4,248,6.0,2.1,Songadh_Badarpada,21.16,73.56
0.99,2024-09-23,26.0,49,393,311,124,943,992,32.2,3.2,257,2.8,26.3,2.3,2.3,991,0.84,1007,70,29.1,257,5.6,1.8,Songadh_Badarpada,21.16,73.56
0.98,2024-09-24,26.1,49,392,310,124,943,990,31.9,3.4,235,3.2,25.9,28.3,28.3,989,0.89,1005,91,28.1,235,6.4,1.7,Songadh_Badarpada,21.16,73.56
0.98,2024-09-25,25.5,49,392,308,124,942,987,30.7,3.8,240,2.0,24.1,41.0,41.0,988,0.92,1004,90,27.0,240,5.6,1.6,Songadh_Badarpada,21.16,73.56
1.0,2024-09-26,25.2,49,391,307,124,942,984,27.8,3.2,259,2.0,24.1,61.5,61.5,988,0.96,1003,31,25.8,259,6.4,1.1,Songadh_Badarpada,21.16,73.56
1.0,2024-09-27,24.9,49,390,306,124,942,981,28.9,3.2,147,2.0,24.8,91.0,91.0,988,0.92,1003,47,26.3,147,6.0,1.1,Songadh_Badarpada,21.16,73.56
1.0,2024-09-28,25.0,49,390,305,124,942,979,27.0,3.1,220,3.6,24.1,27.3,27.3,991,0.97,1006,31,25.6,220,8.0,2.7,Songadh_Badarpada,21.16,73.56
0.88,2024-09-29,24.8,49,389,303,124,942,976,29.6,3.1,219,3.6,24.8,0.5,0.5,994,0.92,1010,50,26.1,219,7.2,2.2,Songadh_Badarpada,21.16,73.56
0.51,2024-09-30,25.2,48,388,302,124,941,973,31.5,7.1,276,2.0,24.8,0.0,0.0,995,0.87,1010,213,27.7,276,5.6,1.4,Songadh_Badarpada,21.16,73.56
0.34,2024-10-01,26.3,48,388,301,124,941,970,33.0,7.1,234,2.0,25.2,0.0,0.0,993,0.85,1008,282,29.1,234,5.6,1.3,Songadh_Badarpada,21.16,73.56
0.54,2024-10-02,26.5,48,387,299,124,941,967,34.1,7.6,238,2.8,26.7,2.3,2.3,993,0.85,1009,262,29.4,238,5.6,1.7,Songadh_Badarpada,21.16,73.56
0.37,2024-10-03,26.3,48,386,298,123,941,964,32.6,7.1,231,3.6,27.0,0.0,0.0,993,0.85,1009,278,29.2,231,7.6,2.6,Songadh_Badarpada,21.16,73.56
0.59,2024-10-04,25.5,48,386,296,123,940,961,32.2,4.3,227,3.6,26.3,0.0,0.0,993,0.83,1009,164,28.7,227,7.2,2.5,Songadh_Badarpada,21.16,73.56
0.31,2024-10-05,24.5,48,385,295,123,940,958,32.6,8.2,230,2.0,25.6,0.0,0.0,994,0.79,1009,284,28.8,230,4.4,1.5,Songadh_Badarpada,21.16,73.56
0.16,2024-10-06,24.5,48,384,294,123,940,954,33.3,8.0,81,2.8,26.3,0.0,0.0,995,0.76,1010,291,29.3,81,6.8,1.6,Songadh_Badarpada,21.16,73.56
0.16,2024-10-07,23.7,48,383,292,123,940,951,35.2,9.4,65,3.6,25.9,0.0,0.0,996,0.69,1011,292,30.5,65,8.0,2.4,Songadh_Badarpada,21.16,73.56
0.1,2024-10-08,23.2,48,383,291,123,939,948,34.8,9.2,78,2.8,26.7,0.5,0.5,996,0.67,1011,290,30.5,78,6.8,2.2,Songadh_Badarpada,21.16,73.56
0.61,2024-10-09,24.2,47,382,289,123,939,944,33.7,4.2,114,2.8,26.7,13.3,13.3,994,0.73,1009,163,29.6,114,6.4,1.8,Songadh_Badarpada,21.16,73.56
0.87,2024-10-10,24.4,47,381,288,123,939,941,31.9,3.0,57,3.6,25.9,43.8,43.8,993,0.79,1008,98,28.4,57,8.8,2.1,Songadh_Badarpada,21.16,73.56
0.98,2024-10-11,25.0,47,381,286,123,938,938,30.7,2.9,55,3.2,25.2,12.3,12.3,992,0.83,1008,68,28.2,55,9.2,2.2,Songadh_Badarpada,21.16,73.56
0.88,2024-10-12,24.5,47,380,285,122,938,934,32.6,3.0,81,4.4,25.6,3.0,3.0,993,0.79,1008,93,28.7,81,8.4,2.6,Songadh_Badarpada,21.16,73.56
0.6,2024-10-13,25.1,47,379,283,122,937,931,33.3,8.0,117,2.0,26.3,37.3,37.3,994,0.81,1009,267,28.8,117,6.8,1.3,Songadh_Badarpada,21.16,73.56
0.68,2024-10-14,25.0,47,379,282,122,937,927,33.3,8.0,116,2.4,25.6,6.5,6.5,994,0.81,1010,262,28.9,116,5.6,1.7,Songadh_Badarpada,21.16,73.56
0.95,2024-10-15,25.2,47,378,280,122,937,924,34.1,3.1,117,2.4,25.9,1.3,1.3,994,0.79,1010,102,29.5,117,6.4,1.3,Songadh_Badarpada,21.16,73.56
0.41,2024-10-16,25.3,46,377,279,122,936,920,34.1,6.2,130,1.6,26.3,8.0,8.0,994,0.77,1009,272,30.0,130,5.2,1.2,Songadh_Badarpada,21.16,73.56
0.68,2024-10-17,26.0,46,376,277,122,936,917,34.1,4.7,61,2.4,27.0,2.5,2.5,993,0.78,1008,173,30.4,61,6.4,1.6,Songadh_Badarpada,21.16,73.56
0.84,2024-10-18,25.6,46,376,276,122,935,913,35.6,3.2,104,3.2,26.7,28.3,28.3,993,0.77,1008,130,30.4,104,8.0,2.1,Songadh_Badarpada,21.16,73.56
0.89,2024-10-19,24.8,46,375,274,121,935,909,33.7,5.9,148,2.4,25.9,10.5,10.5,995,0.8,1010,174,28.7,148,5.2,1.3,Songadh_Badarpada,21.16,73.56
0.77,2024-10-20,24.4,46,374,273,121,934,906,31.5,5.0,88,2.0,24.8,0.0,0.0,996,0.81,1011,195,28.1,88,6.0,1.3,Songadh_Badarpada,21.16,73.56
0.55,2024-10-21,24.6,46,374,271,121,934,902,32.6,5.5,86,2.0,26.3,2.5,2.5,996,0.81,1011,211,28.4,86,4.8,1.3,Songadh_Badarpada,21.16,73.56
0.32,2024-10-22,24.4,46,373,270,121,933,899,33.0,6.9,76,2.4,25.6,0.0,0.0,996,0.78,1011,262,28.9,76,4.4,1.5,Songadh_Badarpada,21.16,73.56
0.1,2024-10-23,24.3,46,372,268,121,933,895,33.7,7.7,56,2.4,25.9,0.0,0.0,996,0.75,1011,268,29.4,56,5.6,1.7,Songadh_Badarpada,21.16,73.56
0.19,2024-10-24,23.2,46,371,267,121,932,891,34.1,6.6,70,2.0,24.8,0.0,0.0,995,0.72,1011,253,29.4,70,5.6,1.4,Songadh_Badarpada,21.16,73.56
0.33,2024-10-25,21.8,45,370,265,121,932,888,34.1,3.9,59,2.0,25.2,0.0,0.0,995,0.67,1011,209,29.2,59,4.8,1.4,Songadh_Badarpada,21.16,73.56
0.05,2024-10-26,21.4,45,370,264,120,931,884,34.8,8.3,144,2.4,25.2,0.0,0.0,995,0.67,1011,264,29.0,144,3.6,1.2,Songadh_Badarpada,21.16,73.56
0.14,2024-10-27,22.2,45,369,262,120,931,880,34.4,7.8,226,2.4,25.9,0.0,0.0,994,0.66,1009,262,29.5,226,5.6,1.4,Songadh_Badarpada,21.16,73.56
0.02,2024-10-28,22.7,45,368,261,120,930,877,34.8,8.1,236,2.0,23.0,0.0,0.0,992,0.73,1008,261,28.6,236,4.4,1.5,Songadh_Badarpada,21.16,73.56
0.25,2024-10-29,23.5,45,367,259,120,930,873,34.4,6.2,245,2.0,24.1,0.0,0.0,994,0.74,1009,246,29.0,245,4.4,1.6,Songadh_Badarpada,21.16,73.56
0.03,2024-10-30,23.4,45,367,258,120,929,869,34.8,7.8,112,2.4,25.6,0.0,0.0,995,0.73,1010,258,29.3,112,5.6,1.4,Songadh_Badarpada,21.16,73.56
0.0,2024-10-31,20.7,45,366,257,120,929,866,34.8,7.9,73,3.6,23.7,0.0,0.0,996,0.65,1011,257,28.7,73,8.0,2.5,Songadh_Badarpada,21.16,73.56
0.0,2024-11-01,20.1,45,365,255,119,928,862,34.8,7.9,65,2.8,22.2,0.0,0.0,997,0.66,1013,255,28.0,65,6.0,2.1,Songadh_Badarpada,21.16,73.56
0.0,2024-11-02,20.0,45,364,254,119,928,858,34.8,7.8,67,2.4,21.5,0.0,0.0,997,0.67,1013,254,27.8,67,5.2,1.9,Songadh_Badarpada,21.16,73.56
0.03,2024-11-03,20.6,44,363,252,119,927,855,34.1,7.7,69,2.8,22.2,0.0,0.0,997,0.68,1013,249,27.8,69,6.0,2.2,Songadh_Badarpada,21.16,73.56
0.0,2024-11-04,20.1,44,363,251,119,926,851,34.1,7.7,65,2.4,21.9,0.0,0.0,996,0.66,1012,251,27.7,65,5.6,1.8,Songadh_Badarpada,21.16,73.56
0.0,2024-11-05,19.7,44,362,249,119,926,848,34.1,7.6,79,2.8,21.9,0.0,0.0,997,0.65,1012,249,27.7,79,6.0,2.2,Songadh_Badarpada,21.16,73.56
0.0,2024-11-06,19.2,44,361,248,119,925,844,34.4,7.6,74,2.8,21.5,0.0,0.0,998,0.65,1013,248,27.3,74,6.0,2.1,Songadh_Badarpada,21.16,73.56
0.0,2024-11-07,19.0,44,360,247,119,925,841,33.7,7.5,81,2.8,21.1,0.0,0.0,998,0.65,1013,247,26.9,81,6.4,2.2,Songadh_Badarpada,21.16,73.56
0.0,2024-11-08,19.3,44,360,245,118,924,837,33.7,7.5,83,2.4,21.1,0.0,0.0,997,0.66,1013,245,27.1,83,6.0,2.0,Songadh_Badarpada,21.16,73.56
0.04,2024-11-09,18.2,44,359,244,118,924,834,33.7,7.4,86,2.4,20.7,0.0,0.0,997,0.62,1013,244,27.1,86,5.6,1.9,Songadh_Badarpada,21.16,73.56
0.0,2024-11-10,17.9,44,358,243,118,923,830,33.3,7.3,85,3.2,20.4,0.0,0.0,998,0.64,1013,243,26.3,85,6.8,2.1,Songadh_Badarpada,21.16,73.56
0.0,2024-11-11,17.4,43,357,241,118,922,827,33.0,7.3,85,3.6,20.0,0.0,0.0,997,0.64,1013,241,26.0,85,7.6,2.3,Songadh_Badarpada,21.16,73.56
0.0,2024-11-12,17.4,43,356,240,118,922,824,32.6,7.2,81,4.0,19.6,0.0,0.0,997,0.64,1013,240,25.8,81,8.4,2.5,Songadh_Badarpada,21.16,73.56
0.0,2024-11-13,16.0,43,356,239,118,921,821,32.2,7.2,80,4.4,20.4,0.0,0.0,996,0.57,1011,239,26.1,80,9.6,3.3,Songadh_Badarpada,21.16,73.56
0.0,2024-11-14,16.3,43,355,237,117,921,817,32.6,7.1,80,4.0,21.5,0.0,0.0,996,0.55,1012,237,26.6,80,8.8,3.2,Songadh_Badarpada,21.16,73.56
0.35,2024-11-15,17.8,43,354,236,117,920,814,33.3,4.8,75,2.8,21.5,0.0,0.0,997,0.6,1013,226,26.8,75,6.4,2.1,Songadh_Badarpada,21.16,73.56
0.12,2024-11-16,19.2,43,354,235,117,920,811,32.2,6.9,63,2.8,21.5,0.0,0.0,996,0.66,1012,235,26.6,63,6.8,2.1,Songadh_Badarpada,21.16,73.56
0.06,2024-11-17,17.5,43,353,234,117,919,808,32.2,6.9,74,4.0,23.0,0.0,0.0,996,0.58,1012,234,27.0,74,9.2,3.1,Songadh_Badarpada,21.16,73.56
0.0,2024-11-18,15.4,43,352,233,117,918,805,31.1,6.9,74,3.6,20.7,0.0,0.0,997,0.56,1013,233,25.6,74,8.8,3.0,Songadh_Badarpada,21.16,73.56
0.0,2024-11-19,15.5,43,352,232,117,918,802,30.7,6.9,74,3.6,19.6,0.0,0.0,998,0.58,1014,232,25.0,74,7.6,2.6,Songadh_Badarpada,21.16,73.56
0.0,2024-11-20,15.5,43,351,230,117,917,799,30.0,6.9,70,3.2,19.6,0.0,0.0,998,0.59,1013,230,24.6,70,8.4,2.6,Songadh_Badarpada,21.16,73.56
0.0,2024-11-21,15.8,42,350,229,116,917,797,30.0,6.8,59,2.8,19.3,0.0,0.0,997,0.61,1013,229,24.3,59,7.6,2.2,Songadh_Badarpada,21.16,73.56
0.0,2024-11-22,16.3,42,350,228,116,916,794,30.0,6.8,62,3.6,18.9,0.0,0.0,997,0.63,1013,228,24.3,62,8.0,2.5,Songadh_Badarpada,21.16,73.56
0.0,2024-11-23,16.0,42,349,227,116,916,791,30.4,6.7,61,2.8,19.3,0.0,0.0,997,0.62,1013,227,24.1,61,6.8,2.0,Songadh_Badarpada,21.16,73.56
0.11,2024-11-24,16.7,42,349,226,116,915,789,30.0,6.6,68,2.8,18.9,0.0,0.0,998,0.64,1013,226,24.4,68,6.8,2.3,Songadh_Badarpada,21.16,73.56
0.1,2024-11-25,15.1,42,348,225,116,915,786,29.6,6.7,73,4.0,20.0,0.0,0.0,998,0.59,1014,225,24.3,73,8.4,3.2,Songadh_Badarpada,21.16,73.56
0.01,2024-11-26,13.3,42,347,224,116,915,784,30.0,6.5,73,4.0,18.5,0.0,0.0,998,0.55,1014,224,23.8,73,9.2,3.1,Songadh_Badarpada,21.16,73.56
0.0,2024-11-27,12.9,42,347,223,116,914,781,30.0,6.6,73,4.0,17.8,0.0,0.0,997,0.55,1013,223,23.5,73,9.2,3.1,Songadh_Badarpada,21.16,73.56
0.0,2024-11-28,12.9,42,346,223,116,914,779,29.3,6.5,72,5.2,17.0,0.0,0.0,997,0.55,1013,223,23.2,72,10.8,3.2,Songadh_Badarpada,21.16,73.56
0.0,2024-11-29,11.7,42,346,222,116,913,777,27.8,6.5,68,4.8,17.8,0.0,0.0,998,0.52,1014,222,22.7,68,10.8,3.4,Songadh_Badarpada,21.16,73.56
0.05,2024-11-30,12.0,42,345,221,115,913,775,27.8,6.5,63,4.4,17.0,0.0,0.0,996,0.54,1012,221,22.1,63,9.2,3.3,Songadh_Badarpada,21.16,73.56
0.59,2024-12-01,14.1,42,345,220,115,913,773,28.9,5.3,63,3.6,17.4,0.0,0.0,994,0.59,1010,138,22.9,63,8.8,3.0,Songadh_Badarpada,21.16,73.56
0.55,2024-12-02,16.6,42,345,219,115,912,771,30.0,6.0,73,4.4,20.0,0.0,0.0,994,0.62,1009,196,24.6,73,9.6,3.3,Songadh_Badarpada,21.16,73.56
0.68,2024-12-03,17.8,42,344,219,115,912,769,30.4,4.6,73,4.4,21.5,0.0,0.0,995,0.61,1011,195,26.1,73,9.6,3.5,Songadh_Badarpada,21.16,73.56
0.71,2024-12-04,19.0,42,344,218,115,912,767,30.0,5.5,67,4.0,24.1,0.3,0.3,996,0.63,1012,200,26.7,67,8.4,3.1,Songadh_Badarpada,21.16,73.56
0.25,2024-12-05,21.3,41,343,217,115,911,766,31.1,5.7,71,3.2,23.7,0.0,0.0,996,0.73,1012,215,26.8,71,7.2,2.3,Songadh_Badarpada,21.16,73.56
0.48,2024-12-06,20.3,41,343,217,115,911,764,31.1,4.6,149,2.4,21.9,0.0,0.0,996,0.73,1012,178,26.0,149,5.6,1.8,Songadh_Badarpada,21.16,73.56
0.75,2024-12-07,13.1,41,343,216,115,911,763,29.3,4.7,335,2.8,19.3,0.0,0.0,996,0.54,1012,184,23.6,335,6.4,2.0,Songadh_Badarpada,21.16,73.56
0.02,2024-12-08,13.1,41,342,216,115,910,761,28.1,6.3,238,2.4,17.0,0.0,0.0,996,0.58,1012,216,22.4,238,5.6,1.9,Songadh_Badarpada,21.16,73.56
0.14,2024-12-09,7.4,41,342,215,115,910,760,26.7,5.9,71,3.6,15.2,0.0,0.0,998,0.45,1014,195,20.6,71,8.0,2.6,Songadh_Badarpada,21.16,73.56
0.12,2024-12-10,8.3,41,342,215,115,910,759,26.3,5.7,62,5.6,14.8,0.0,0.0,998,0.47,1014,210,20.4,62,11.6,3.8,Songadh_Badarpada,21.16,73.56
0.02,2024-12-11,12.3,41,342,214,115,910,758,29.3,6.2,70,4.4,17.4,0.0,0.0,998,0.53,1014,214,22.5,70,8.8,3.2,Songadh_Badarpada,21.16,73.56
0.1,2024-12-12,14.2,41,342,214,115,910,757,28.9,6.2,42,2.8,17.8,0.0,0.0,997,0.61,1013,210,22.6,42,6.4,2.6,Songadh_Badarpada,21.16,73.56
0.61,2024-12-13,11.3,41,341,214,115,910,756,26.7,2.1,65,5.2,16.7,0.0,0.0,999,0.56,1015,99,21.3,65,11.6,3.8,Songadh_Badarpada,21.16,73.56
0.03,2024-12-14,10.1,41,341,213,115,910,755,27.0,6.2,74,5.2,16.3,0.0,0.0,999,0.49,1015,213,21.5,74,10.8,4.2,Songadh_Badarpada,21.16,73.56
0.0,2024-12-15,11.1,41,341,213,115,910,755,28.9,6.2,74,4.0,17.0,0.0,0.0,1000,0.51,1015,213,22.3,74,9.2,3.6,Songadh_Badarpada,21.16,73.56
0.0,2024-12-16,11.7,41,341,213,115,910,754,30.4,6.2,69,3.6,16.3,0.0,0.0,998,0.53,1014,213,22.6,69,8.0,2.8,Songadh_Badarpada,21.16,73.56
0.1,2024-12-17,12.6,41,341,213,115,910,754,30.4,6.2,54,2.4,15.6,0.0,0.0,997,0.59,1012,213,22.0,54,5.6,1.8,Songadh_Badarpada,21.16,73.56
0.18,2024-12-18,13.4,41,341,213,115,910,753,31.1,6.2,145,3.2,15.6,0.0,0.0,996,0.6,1012,213,22.4,145,6.4,1.9,Songadh_Badarpada,21.16,73.56
0.0,2024-12-19,13.6,41,341,213,115,910,753,30.7,6.2,169,2.4,15.2,0.0,0.0,995,0.6,1011,213,22.6,169,5.2,1.8,Songadh_Badarpada,21.16,73.56
0.39,2024-12-20,14.9,41,341,212,115,910,753,28.5,5.4,175,2.4,17.4,0.0,0.0,995,0.64,1011,166,22.5,175,4.8,1.3,Songadh_Badarpada,21.16,73.56
0.04,2024-12-21,15.4,41,341,212,115,910,753,29.6,6.2,119,2.4,18.1,0.0,0.0,995,0.64,1011,212,23.1,119,6.4,1.7,Songadh_Badarpada,21.16,73.56
0.37,2024-12-22,16.9,41,341,212,115,910,753,27.0,5.2,200,2.8,17.0,0.0,0.0,996,0.75,1012,198,21.9,200,5.6,1.8,Songadh_Badarpada,21.16,73.56
0.8,2024-12-23,16.8,41,341,213,115,910,754,26.3,4.7,276,2.4,19.6,0.0,0.0,997,0.71,1013,130,22.5,276,5.6,1.3,Songadh_Badarpada,21.16,73.56
0.63,2024-12-24,14.1,41,341,213,115,910,754,25.6,3.1,303,2.8,18.9,0.0,0.0,998,0.63,1013,116,21.5,303,6.4,1.9,Songadh_Badarpada,21.16,73.56
0.69,2024-12-25,16.6,41,341,213,115,910,754,28.5,4.3,157,2.0,18.5,0.0,0.0,998,0.68,1014,200,23.0,157,6.0,1.5,Songadh_Badarpada,21.16,73.56
0.43,2024-12-26,18.8,41,341,213,115,911,755,28.9,5.2,159,3.2,20.4,0.0,0.0,999,0.73,1015,201,24.0,159,7.6,2.1,Songadh_Badarpada,21.16,73.56
0.33,2024-12-27,19.1,41,341,213,115,911,756,29.3,5.0,213,2.4,20.7,0.0,0.0,1000,0.74,1015,211,24.3,213,7.6,1.2,Songadh_Badarpada,21.16,73.56
0.2,2024-12-28,18.3,41,341,214,115,911,756,28.1,5.0,333,2.0,20.0,0.0,0.0,1000,0.73,1016,209,23.5,333,4.8,1.4,Songadh_Badarpada,21.16,73.56
0.06,2024-12-29,18.7,41,342,214,115,911,757,28.9,6.0,50,3.2,18.9,0.0,0.0,1000,0.74,1016,214,23.8,50,8.0,2.1,Songadh_Badarpada,21.16,73.56
0.0,2024-12-30,19.3,41,342,214,115,912,758,30.0,6.2,83,3.6,21.1,0.0,0.0,1000,0.75,1016,214,24.4,83,8.4,2.3,Songadh_Badarpada,21.16,73.56
0.18,2024-12-31,19.1,41,342,215,115,912,759,30.7,4.9,151,2.8,19.6,0.0,0.0,1000,0.73,1016,207,24.7,151,6.0,1.9,Songadh_Badarpada,21.16,73.56
